"trial_id","isi_ms","evoked_lat_ms","v_rest_mv","rt_ms"
1,16.27,31.46,-64.49,155.7
2,28.39,31.16,-65.35,263.8
3,13.56,16.56,-68.5,189.7
4,26.62,22.55,-63.25,296.7
5,44.69,22.28,-69.48,338.6
6,32.53,22.38,-61.59,300.2
7,19.45,53.19,-66.68,354.8
8,10.69,26.87,-64.39,289.8
9,30.7,30.9,-66.91,127.9
10,10.27,47.16,-70.99,296.6
11,36.85,28.9,-63.42,261.5
12,16.92,16.54,-59.88,238.9
13,18.22,24.37,-73.59,332.7
14,8.26,17.71,-65.71,257.9
15,36.36,59.51,-58.02,256.3
16,11.04,19.27,-66.38,347.4
17,35.11,24.24,-61.86,113.8
18,4.48,22.79,-63.87,301.4
19,32.68,13.16,-66.93,302.5
20,35.97,29.68,-68.77,135.6
21,22.02,17.19,-65.04,257.5
22,25.04,42.29,-68.63,139.6
23,37.97,36.69,-67.43,143.9
24,80.85,23.44,-64.88,236.4
25,31.55,28.04,-65.14,252.6
26,13.75,26.81,-70.65,145.1
27,11.08,22.86,-63.56,136.4
28,40.81,48.98,-65.96,156.9
29,12.81,9.25,-66.69,284.1
30,29.19,32.11,-60.69,287
31,29.84,25.01,-66.79,265.1
32,35.4,43.94,-69.76,308.1
33,46.23,33.71,-59.54,335.4
34,11.01,28.66,-63.37,238.4
35,6.64,23.67,-61.8,295.5
36,42.46,30.1,-64.04,130.2
37,15.04,43.57,-68.8,289.3
38,35.21,43.34,-65.34,281.4
39,7.57,27.69,-69.6,332
40,45.76,23.24,-68.24,218.7
41,69,35.09,-63.36,280.7
42,21.68,19.47,-61.9,313.4
43,26.2,20.43,-66.03,274.9
44,7.29,42.47,-62.28,154.6
45,12.08,25.47,-67.5,151.1
46,20.22,31.99,-66.9,265.8
47,28.02,19.44,-58.97,117.5
48,11.52,34.68,-66.32,156.6
49,20.45,35.19,-64.31,247.8
50,20.05,17.93,-68.98,228.7
51,12.59,41.68,-61.59,306.3
52,44.2,31.93,-64.5,304.1
53,20,19.88,-72.08,220.8
54,18.68,29.18,-61.03,282.4
55,26.47,19.29,-61.14,234
56,5.53,39.47,-62.57,297.1
57,35.07,22.36,-69.99,308.1
58,44.84,32.24,-66.67,150.8
59,30.13,19.17,-66.7,327.1
60,23.79,9.54,-60.61,291.1
61,105.02,27.46,-68.85,304.2
62,47.74,23.93,-66.34,160.7
63,25.51,18.23,-62.65,273.5
64,69.88,12.74,-58.41,277.6
65,33.21,24.8,-59.11,317
66,74.33,31.39,-69.39,324.1
67,38.83,17.05,-76,300.9
68,29.11,22.03,-68.89,291.7
69,34.47,20.93,-64.99,283.2
70,11.69,35.47,-65.82,353.5
71,11.13,21,-64.04,345.9
72,14.42,14.41,-61.44,248.2
73,25.84,15.42,-62.86,294.7
74,12.69,23.72,-63.6,165.6
75,5.42,35.62,-70.78,287.3
76,35.16,15.39,-67.51,277.4
77,17.66,22.96,-63.55,309.3
78,20.89,21.61,-64.43,310.5
79,14.33,13.22,-67.4,252.1
80,42.47,49.47,-65.59,320.8
81,40.25,18.94,-63.43,302.4
82,11.84,65.65,-56.41,302.2
83,9.21,35.07,-63.36,279.9
84,13.44,26.87,-61.58,294.8
85,12.86,24.29,-67.75,228.8
86,10.74,28.14,-62.5,311
87,26.84,14.89,-67.75,324.6
88,35.52,34.62,-64.16,287.1
89,10.9,24.29,-60.72,296.7
90,25.43,16.33,-66.11,305.8
91,18.97,29.37,-64.3,268.8
92,28.72,14.63,-61.32,255
93,33.79,26.7,-68.55,242.6
94,27.77,27.05,-67.49,266.4
95,15.83,15.3,-71.68,144.6
96,52.49,23.72,-67.64,127.6
97,15.5,12.11,-66.5,320.2
98,37.83,14.47,-66.29,291.1
99,17.53,9.33,-72.31,118.4
100,6.02,28.61,-71.5,280.5
101,25.57,36.86,-63.71,144.5
102,10.75,40.18,-64.72,300.4
103,27.17,12.65,-68.01,307.2
104,9.7,21.62,-69.86,352.6
105,29.47,35.9,-65.12,349.9
106,70.23,13.75,-59.82,150.5
107,17.07,21.31,-67.78,124
108,29.36,20.84,-67.03,138.3
109,15.81,46.32,-66.08,339.1
110,25.9,21.87,-67.39,315.4
111,31.78,29.2,-61.07,315.7
112,0.98,31.07,-59.14,256.7
113,14.78,32.36,-65.42,299.5
114,51.88,21.12,-63.08,287.9
115,8.88,34.31,-68.39,142.7
116,45.74,21.33,-71.43,275.2
117,20.97,22.08,-68.27,157.7
118,25.73,14.52,-68.43,134.2
119,27.55,22.02,-68.04,123.9
120,71.62,41.8,-63.34,279.4
