"slice_id","group","baseline_fepsp","post_fepsp","ltp_ratio","mepsc_freq_hz","extinction_success"
"CTRL_1","Control",97,135.2,1.393,13,1
"CTRL_2","Control",101.7,142.9,1.405,44,1
"CTRL_3","Control",102.3,158.1,1.545,5,0
"CTRL_4","Control",100.4,149.9,1.493,17,1
"CTRL_5","Control",96.5,142.5,1.476,5,1
"CTRL_6","Control",107.9,144.8,1.342,4,1
"CTRL_7","Control",92.4,163.5,1.769,9,0
"CTRL_8","Control",95.6,150.3,1.572,12,0
"CTRL_9","Control",98.6,140.3,1.423,1,1
"CTRL_10","Control",103.6,142.9,1.379,6,1
"CTRL_11","Control",106.1,154.6,1.457,5,1
"CTRL_12","Control",105.7,160.4,1.518,15,1
"CTRL_13","Control",105.7,151.1,1.429,5,1
"CTRL_14","Control",105.1,140.3,1.335,5,1
"CTRL_15","Control",95.6,153.3,1.603,9,1
"CTRL_16","Control",94.1,147.7,1.57,12,1
"CTRL_17","Control",104.6,142.9,1.366,6,0
"CTRL_18","Control",97,144.3,1.487,3,1
"CTRL_19","Control",97.3,160.8,1.653,17,1
"CTRL_20","Control",103.3,157.3,1.522,11,1
"CTRL_21","Control",103.4,159.4,1.542,3,1
"CTRL_22","Control",102.1,147.9,1.448,4,1
"DRUG_1","Drug_Washout",96.4,89.3,0.927,10,1
"DRUG_2","Drug_Washout",91.9,98.6,1.072,11,1
"DRUG_3","Drug_Washout",106.1,161,1.518,35,1
"DRUG_4","Drug_Washout",89.3,119,1.332,8,1
"DRUG_5","Drug_Washout",111.9,138.8,1.24,5,0
"DRUG_6","Drug_Washout",88.8,125.3,1.411,43,1
"DRUG_7","Drug_Washout",95.8,119.2,1.243,27,0
"DRUG_8","Drug_Washout",101.4,146.6,1.445,17,1
"DRUG_9","Drug_Washout",80.9,160.2,1.98,48,1
"DRUG_10","Drug_Washout",99.4,118,1.187,24,0
"DRUG_11","Drug_Washout",94.5,138.9,1.47,12,0
"DRUG_12","Drug_Washout",87.7,88.7,1.012,11,0
"DRUG_13","Drug_Washout",96.1,81.4,0.847,6,0
"DRUG_14","Drug_Washout",93.6,123.9,1.323,12,1
"DRUG_15","Drug_Washout",110.3,149.5,1.355,10,0
"DRUG_16","Drug_Washout",108.9,152.4,1.4,46,0
"DRUG_17","Drug_Washout",97.6,99.9,1.024,22,0
"DRUG_18","Drug_Washout",88.5,123.4,1.394,12,1
"DRUG_19","Drug_Washout",99.5,139.4,1.401,3,0
"DRUG_20","Drug_Washout",103.6,141.1,1.363,11,0
