"trial_id","condition","roi_1","roi_2","roi_3","roi_4","roi_5","roi_6","roi_7","roi_8"
1,"Stimulus",10.145,7.278,4.444,4.227,4.471,3.791,0.0415,501.74
2,"Stimulus",7.822,6.033,3.076,3.124,6.198,5.32,0.0391,355.52
3,"Stimulus",8.936,7.225,5.499,4.553,6.458,3.878,0.0452,456.4
4,"Stimulus",9.259,8.204,4.459,4.442,6.449,5.27,0.0466,411.4
5,"Stimulus",8.985,28.4,5.389,3.581,3.819,3.507,0.0485,507.74
6,"Stimulus",8.373,7.452,4.553,1.996,7.25,3.684,0.0476,453.45
7,"Stimulus",10.314,8.038,5.513,5.051,6.217,4.765,0.0689,413.79
8,"Stimulus",8.386,7.224,2.805,4.831,5.173,5.786,0.0361,478.5
9,"Stimulus",10.922,9.02,5.206,2.746,5.904,1.307,0.0459,459.92
10,"Stimulus",8.425,6.967,5.252,1.608,4.229,3.733,0.0535,439.3
11,"Stimulus",10.066,6.611,6.664,4.307,4.104,3.658,0.0663,581.29
12,"Stimulus",11.244,8.352,6.204,3.482,5.249,2.282,0.0509,415.59
13,"Stimulus",6.833,5.686,4.1,4.379,4.002,1.731,0.0624,419.4
14,"Stimulus",8.165,5.266,6.134,2.059,5.39,2.539,0.0336,349.51
15,"Stimulus",8.34,5.766,6.588,2.561,6.498,4.974,0.0645,447.37
16,"Stimulus",9.263,7.47,4.351,5.629,4.166,2.967,0.0431,507.87
17,"Stimulus",8.159,6.811,4.766,4.606,4.462,2.23,0.0472,315.36
18,"Stimulus",5.312,4.402,4.509,4.88,5.247,4.127,0.0389,433.75
19,"Stimulus",5.571,3.381,2.826,6.723,4.182,1.327,0.0513,373.19
20,"Stimulus",10.084,6.573,5.993,4.193,4.817,5.892,0.0679,543.73
21,"Stimulus",8.132,7.46,4.785,0.999,6.073,2.831,0.0742,538.26
22,"Stimulus",6.362,5.004,2.841,4.501,6.17,4.178,0.0392,471.74
23,"Stimulus",8.294,6.3,4.487,5.757,5.584,3.902,0.0549,542.91
24,"Stimulus",9.958,7.359,5.942,7.089,3.348,3.8,0.0639,393.62
25,"Stimulus",10.774,7.006,6.009,1.935,5.146,7.419,0.048,511.79
26,"Stimulus",7.983,6.538,6.015,2.274,6.265,2.149,0.0478,411.97
27,"Stimulus",8.191,5.948,4.386,2.941,6.013,6.091,0.047,470.86
28,"Stimulus",6.384,4.624,3.354,2.419,5.009,3.863,0.056,430.54
29,"Stimulus",9.052,7.629,6.198,3.031,2.5,2.13,0.064,431.89
30,"Stimulus",7.732,6.539,3.477,3.722,5.261,3.662,0.0569,485.5
31,"Spontaneous",2.464,3.101,1.434,2.198,5.774,5.294,0.0532,365.25
32,"Spontaneous",2.664,1.569,-0.108,7.055,5.246,2.949,0.047,433.69
33,"Spontaneous",2.928,2.781,3.041,4.162,5.357,2.256,0.055,461.12
34,"Spontaneous",1.613,2.462,0.667,3.874,5.632,4.106,0.0445,423.77
35,"Spontaneous",2.504,0.878,0.988,4.743,4.803,5.777,0.0472,456.8
36,"Spontaneous",0.726,-0.23,-0.926,4.056,6.51,3.653,0.061,429.27
37,"Spontaneous",1.472,0.086,0.875,3.802,5.67,1.026,0.0544,555.19
38,"Spontaneous",1.419,-0.249,-0.029,6.215,3.957,1.187,0.0524,496.42
39,"Spontaneous",0.169,0.198,-0.486,3.674,6.582,2.263,0.0474,642.78
40,"Spontaneous",2.129,2.185,2.694,2.075,6.404,2.746,0.0593,398.32
41,"Spontaneous",2.265,2.779,1.166,4.579,6.024,3.757,0.0633,502.93
42,"Spontaneous",1.811,31.2,-0.092,3.473,3.537,5.141,0.0413,586.37
43,"Spontaneous",2.707,1.127,1.803,3.217,4.631,2.931,0.0506,469.56
44,"Spontaneous",1.519,2.803,0.512,2.398,5.836,1.572,0.0505,379.6
45,"Spontaneous",1.005,0.154,1.252,4.643,5.244,5.014,0.0442,384.59
46,"Spontaneous",2.446,1.93,3.043,3.739,5.548,4.351,0.04,447.7
47,"Spontaneous",1.451,0.708,-0.221,4.774,7.66,6.115,0.05,535.09
48,"Spontaneous",3.255,2.331,2.453,3.648,4.382,0.435,0.0566,498.78
49,"Spontaneous",1.755,1.486,1.146,3.012,3.087,3.975,0.0648,311.01
50,"Spontaneous",2.625,2.076,2.56,5.875,5.474,6.507,0.0309,404.48
51,"Spontaneous",2.358,1.746,1.162,3.592,4.512,5.248,0.043,449.41
52,"Spontaneous",1.473,1.202,1.804,5.422,5.646,2.135,0.0469,355.22
53,"Spontaneous",3.361,2.084,0.097,2.198,4.388,5.265,0.0334,495.14
54,"Spontaneous",2.614,1.507,3.427,3.301,7.412,2.056,0.0425,290.01
55,"Spontaneous",2.172,0.134,2.254,3.596,5.076,2.893,0.0422,459.31
56,"Spontaneous",2.321,1.397,1.227,3.414,4.723,6.175,0.0428,424.57
57,"Spontaneous",2.643,1.521,-0.008,6.023,5.034,3.22,0.0281,418.07
58,"Spontaneous",2.172,4.061,2.01,3.966,6.063,5.457,0.0521,431.56
59,"Spontaneous",-0.294,-1.447,0.355,4.366,5.297,3.218,0.0437,470.46
60,"Spontaneous",2.328,1.869,1.39,2.586,3.574,0.647,0.0652,475.76
