"animal_id","treatment","cell_id","segment_id","dist_soma_um","spine_density"
"Control_Mouse_1","Control","Control_Mouse_1_Cell_1","Control_Mouse_1_Cell_1_Seg_1",122.1,9.29
"Control_Mouse_1","Control","Control_Mouse_1_Cell_1","Control_Mouse_1_Cell_1_Seg_2",42.6,11.68
"Control_Mouse_1","Control","Control_Mouse_1_Cell_1","Control_Mouse_1_Cell_1_Seg_3",36.6,11.51
"Control_Mouse_1","Control","Control_Mouse_1_Cell_1","Control_Mouse_1_Cell_1_Seg_4",59.6,10.65
"Control_Mouse_1","Control","Control_Mouse_1_Cell_1","Control_Mouse_1_Cell_1_Seg_5",59.6,10.53
"Control_Mouse_1","Control","Control_Mouse_1_Cell_1","Control_Mouse_1_Cell_1_Seg_6",64.2,10.38
"Control_Mouse_1","Control","Control_Mouse_1_Cell_1","Control_Mouse_1_Cell_1_Seg_7",48.3,11.5
"Control_Mouse_1","Control","Control_Mouse_1_Cell_1","Control_Mouse_1_Cell_1_Seg_8",43.6,11.87
"Control_Mouse_1","Control","Control_Mouse_1_Cell_1","Control_Mouse_1_Cell_1_Seg_9",52.6,10.36
"Control_Mouse_1","Control","Control_Mouse_1_Cell_1","Control_Mouse_1_Cell_1_Seg_10",92.3,9.75
"Control_Mouse_1","Control","Control_Mouse_1_Cell_2","Control_Mouse_1_Cell_2_Seg_1",45.4,12.86
"Control_Mouse_1","Control","Control_Mouse_1_Cell_2","Control_Mouse_1_Cell_2_Seg_2",46.1,14.66
"Control_Mouse_1","Control","Control_Mouse_1_Cell_2","Control_Mouse_1_Cell_2_Seg_3",41.4,13.48
"Control_Mouse_1","Control","Control_Mouse_1_Cell_2","Control_Mouse_1_Cell_2_Seg_4",22.5,13.64
"Control_Mouse_1","Control","Control_Mouse_1_Cell_2","Control_Mouse_1_Cell_2_Seg_5",149.3,12.02
"Control_Mouse_1","Control","Control_Mouse_1_Cell_2","Control_Mouse_1_Cell_2_Seg_6",65.3,14.35
"Control_Mouse_1","Control","Control_Mouse_1_Cell_2","Control_Mouse_1_Cell_2_Seg_7",22.5,14.03
"Control_Mouse_1","Control","Control_Mouse_1_Cell_2","Control_Mouse_1_Cell_2_Seg_8",130.6,11.68
"Control_Mouse_1","Control","Control_Mouse_1_Cell_2","Control_Mouse_1_Cell_2_Seg_9",78.7,13.65
"Control_Mouse_1","Control","Control_Mouse_1_Cell_2","Control_Mouse_1_Cell_2_Seg_10",110.2,12.26
"Control_Mouse_1","Control","Control_Mouse_1_Cell_3","Control_Mouse_1_Cell_3_Seg_1",132.4,11.35
"Control_Mouse_1","Control","Control_Mouse_1_Cell_3","Control_Mouse_1_Cell_3_Seg_2",41.2,11.58
"Control_Mouse_1","Control","Control_Mouse_1_Cell_3","Control_Mouse_1_Cell_3_Seg_3",25.7,11.79
"Control_Mouse_1","Control","Control_Mouse_1_Cell_3","Control_Mouse_1_Cell_3_Seg_4",116.9,11.97
"Control_Mouse_1","Control","Control_Mouse_1_Cell_3","Control_Mouse_1_Cell_3_Seg_5",35.8,12.38
"Control_Mouse_1","Control","Control_Mouse_1_Cell_3","Control_Mouse_1_Cell_3_Seg_6",56.8,12.94
"Control_Mouse_1","Control","Control_Mouse_1_Cell_3","Control_Mouse_1_Cell_3_Seg_7",90.4,11.99
"Control_Mouse_1","Control","Control_Mouse_1_Cell_3","Control_Mouse_1_Cell_3_Seg_8",46.4,12.37
"Control_Mouse_1","Control","Control_Mouse_1_Cell_3","Control_Mouse_1_Cell_3_Seg_9",23.8,12.86
"Control_Mouse_1","Control","Control_Mouse_1_Cell_3","Control_Mouse_1_Cell_3_Seg_10",119.3,11.32
"Control_Mouse_1","Control","Control_Mouse_1_Cell_4","Control_Mouse_1_Cell_4_Seg_1",112.9,9.09
"Control_Mouse_1","Control","Control_Mouse_1_Cell_4","Control_Mouse_1_Cell_4_Seg_2",51.1,10.87
"Control_Mouse_1","Control","Control_Mouse_1_Cell_4","Control_Mouse_1_Cell_4_Seg_3",129.6,10.31
"Control_Mouse_1","Control","Control_Mouse_1_Cell_4","Control_Mouse_1_Cell_4_Seg_4",24.6,10.72
"Control_Mouse_1","Control","Control_Mouse_1_Cell_4","Control_Mouse_1_Cell_4_Seg_5",98.7,8.7
"Control_Mouse_1","Control","Control_Mouse_1_Cell_4","Control_Mouse_1_Cell_4_Seg_6",50.2,10.61
"Control_Mouse_1","Control","Control_Mouse_1_Cell_4","Control_Mouse_1_Cell_4_Seg_7",73.3,10.22
"Control_Mouse_1","Control","Control_Mouse_1_Cell_4","Control_Mouse_1_Cell_4_Seg_8",66.7,10.23
"Control_Mouse_1","Control","Control_Mouse_1_Cell_4","Control_Mouse_1_Cell_4_Seg_9",66.8,9.02
"Control_Mouse_1","Control","Control_Mouse_1_Cell_4","Control_Mouse_1_Cell_4_Seg_10",20.7,10.63
"Control_Mouse_2","Control","Control_Mouse_2_Cell_1","Control_Mouse_2_Cell_1_Seg_1",63.7,13.95
"Control_Mouse_2","Control","Control_Mouse_2_Cell_1","Control_Mouse_2_Cell_1_Seg_2",87.3,15.5
"Control_Mouse_2","Control","Control_Mouse_2_Cell_1","Control_Mouse_2_Cell_1_Seg_3",136.8,11.53
"Control_Mouse_2","Control","Control_Mouse_2_Cell_1","Control_Mouse_2_Cell_1_Seg_4",129.8,12.23
"Control_Mouse_2","Control","Control_Mouse_2_Cell_1","Control_Mouse_2_Cell_1_Seg_5",147.7,11.37
"Control_Mouse_2","Control","Control_Mouse_2_Cell_1","Control_Mouse_2_Cell_1_Seg_6",87,14.09
"Control_Mouse_2","Control","Control_Mouse_2_Cell_1","Control_Mouse_2_Cell_1_Seg_7",79.2,14.71
"Control_Mouse_2","Control","Control_Mouse_2_Cell_1","Control_Mouse_2_Cell_1_Seg_8",42.1,13.97
"Control_Mouse_2","Control","Control_Mouse_2_Cell_1","Control_Mouse_2_Cell_1_Seg_9",116.9,14.12
"Control_Mouse_2","Control","Control_Mouse_2_Cell_1","Control_Mouse_2_Cell_1_Seg_10",41.7,13.65
"Control_Mouse_2","Control","Control_Mouse_2_Cell_2","Control_Mouse_2_Cell_2_Seg_1",98.9,11.22
"Control_Mouse_2","Control","Control_Mouse_2_Cell_2","Control_Mouse_2_Cell_2_Seg_2",110.4,10.94
"Control_Mouse_2","Control","Control_Mouse_2_Cell_2","Control_Mouse_2_Cell_2_Seg_3",82.1,12.82
"Control_Mouse_2","Control","Control_Mouse_2_Cell_2","Control_Mouse_2_Cell_2_Seg_4",69.8,12.53
"Control_Mouse_2","Control","Control_Mouse_2_Cell_2","Control_Mouse_2_Cell_2_Seg_5",41.2,12.64
"Control_Mouse_2","Control","Control_Mouse_2_Cell_2","Control_Mouse_2_Cell_2_Seg_6",50.1,13.07
"Control_Mouse_2","Control","Control_Mouse_2_Cell_2","Control_Mouse_2_Cell_2_Seg_7",131.9,10.4
"Control_Mouse_2","Control","Control_Mouse_2_Cell_2","Control_Mouse_2_Cell_2_Seg_8",89,11.96
"Control_Mouse_2","Control","Control_Mouse_2_Cell_2","Control_Mouse_2_Cell_2_Seg_9",82.2,11.86
"Control_Mouse_2","Control","Control_Mouse_2_Cell_2","Control_Mouse_2_Cell_2_Seg_10",70.9,12.88
"Control_Mouse_2","Control","Control_Mouse_2_Cell_3","Control_Mouse_2_Cell_3_Seg_1",119,9.41
"Control_Mouse_2","Control","Control_Mouse_2_Cell_3","Control_Mouse_2_Cell_3_Seg_2",20.5,13.94
"Control_Mouse_2","Control","Control_Mouse_2_Cell_3","Control_Mouse_2_Cell_3_Seg_3",33.5,14.03
"Control_Mouse_2","Control","Control_Mouse_2_Cell_3","Control_Mouse_2_Cell_3_Seg_4",42.7,13.16
"Control_Mouse_2","Control","Control_Mouse_2_Cell_3","Control_Mouse_2_Cell_3_Seg_5",74,12.44
"Control_Mouse_2","Control","Control_Mouse_2_Cell_3","Control_Mouse_2_Cell_3_Seg_6",23.9,13.94
"Control_Mouse_2","Control","Control_Mouse_2_Cell_3","Control_Mouse_2_Cell_3_Seg_7",116,11.91
"Control_Mouse_2","Control","Control_Mouse_2_Cell_3","Control_Mouse_2_Cell_3_Seg_8",40.7,13.55
"Control_Mouse_2","Control","Control_Mouse_2_Cell_3","Control_Mouse_2_Cell_3_Seg_9",78.4,13.24
"Control_Mouse_2","Control","Control_Mouse_2_Cell_3","Control_Mouse_2_Cell_3_Seg_10",119.3,12.29
"Control_Mouse_2","Control","Control_Mouse_2_Cell_4","Control_Mouse_2_Cell_4_Seg_1",133.3,11.71
"Control_Mouse_2","Control","Control_Mouse_2_Cell_4","Control_Mouse_2_Cell_4_Seg_2",121.8,11.77
"Control_Mouse_2","Control","Control_Mouse_2_Cell_4","Control_Mouse_2_Cell_4_Seg_3",100.7,11.42
"Control_Mouse_2","Control","Control_Mouse_2_Cell_4","Control_Mouse_2_Cell_4_Seg_4",70,13.12
"Control_Mouse_2","Control","Control_Mouse_2_Cell_4","Control_Mouse_2_Cell_4_Seg_5",112.2,12.19
"Control_Mouse_2","Control","Control_Mouse_2_Cell_4","Control_Mouse_2_Cell_4_Seg_6",95.1,12.55
"Control_Mouse_2","Control","Control_Mouse_2_Cell_4","Control_Mouse_2_Cell_4_Seg_7",87.1,12.02
"Control_Mouse_2","Control","Control_Mouse_2_Cell_4","Control_Mouse_2_Cell_4_Seg_8",98.6,10.7
"Control_Mouse_2","Control","Control_Mouse_2_Cell_4","Control_Mouse_2_Cell_4_Seg_9",46,13.56
"Control_Mouse_2","Control","Control_Mouse_2_Cell_4","Control_Mouse_2_Cell_4_Seg_10",52.7,12.76
"Control_Mouse_3","Control","Control_Mouse_3_Cell_1","Control_Mouse_3_Cell_1_Seg_1",36.6,13.48
"Control_Mouse_3","Control","Control_Mouse_3_Cell_1","Control_Mouse_3_Cell_1_Seg_2",106.3,11.67
"Control_Mouse_3","Control","Control_Mouse_3_Cell_1","Control_Mouse_3_Cell_1_Seg_3",104.1,11.68
"Control_Mouse_3","Control","Control_Mouse_3_Cell_1","Control_Mouse_3_Cell_1_Seg_4",60.3,13.77
"Control_Mouse_3","Control","Control_Mouse_3_Cell_1","Control_Mouse_3_Cell_1_Seg_5",129.9,12.57
"Control_Mouse_3","Control","Control_Mouse_3_Cell_1","Control_Mouse_3_Cell_1_Seg_6",145.2,11.85
"Control_Mouse_3","Control","Control_Mouse_3_Cell_1","Control_Mouse_3_Cell_1_Seg_7",20.9,14.49
"Control_Mouse_3","Control","Control_Mouse_3_Cell_1","Control_Mouse_3_Cell_1_Seg_8",40.5,14.73
"Control_Mouse_3","Control","Control_Mouse_3_Cell_1","Control_Mouse_3_Cell_1_Seg_9",83.5,12.98
"Control_Mouse_3","Control","Control_Mouse_3_Cell_1","Control_Mouse_3_Cell_1_Seg_10",115.7,12.71
"Control_Mouse_3","Control","Control_Mouse_3_Cell_2","Control_Mouse_3_Cell_2_Seg_1",56.9,11.65
"Control_Mouse_3","Control","Control_Mouse_3_Cell_2","Control_Mouse_3_Cell_2_Seg_2",124.1,9.81
"Control_Mouse_3","Control","Control_Mouse_3_Cell_2","Control_Mouse_3_Cell_2_Seg_3",103.4,10.76
"Control_Mouse_3","Control","Control_Mouse_3_Cell_2","Control_Mouse_3_Cell_2_Seg_4",69.4,13.15
"Control_Mouse_3","Control","Control_Mouse_3_Cell_2","Control_Mouse_3_Cell_2_Seg_5",83.3,11.04
"Control_Mouse_3","Control","Control_Mouse_3_Cell_2","Control_Mouse_3_Cell_2_Seg_6",88.5,12.58
"Control_Mouse_3","Control","Control_Mouse_3_Cell_2","Control_Mouse_3_Cell_2_Seg_7",115.5,10.36
"Control_Mouse_3","Control","Control_Mouse_3_Cell_2","Control_Mouse_3_Cell_2_Seg_8",94.4,10.97
"Control_Mouse_3","Control","Control_Mouse_3_Cell_2","Control_Mouse_3_Cell_2_Seg_9",96.5,11.51
"Control_Mouse_3","Control","Control_Mouse_3_Cell_2","Control_Mouse_3_Cell_2_Seg_10",62.5,12.43
"Control_Mouse_3","Control","Control_Mouse_3_Cell_3","Control_Mouse_3_Cell_3_Seg_1",43.6,13.94
"Control_Mouse_3","Control","Control_Mouse_3_Cell_3","Control_Mouse_3_Cell_3_Seg_2",52.5,13.82
"Control_Mouse_3","Control","Control_Mouse_3_Cell_3","Control_Mouse_3_Cell_3_Seg_3",74,13.26
"Control_Mouse_3","Control","Control_Mouse_3_Cell_3","Control_Mouse_3_Cell_3_Seg_4",23,14.24
"Control_Mouse_3","Control","Control_Mouse_3_Cell_3","Control_Mouse_3_Cell_3_Seg_5",94.5,12.25
"Control_Mouse_3","Control","Control_Mouse_3_Cell_3","Control_Mouse_3_Cell_3_Seg_6",57.4,11.85
"Control_Mouse_3","Control","Control_Mouse_3_Cell_3","Control_Mouse_3_Cell_3_Seg_7",80.1,12.6
"Control_Mouse_3","Control","Control_Mouse_3_Cell_3","Control_Mouse_3_Cell_3_Seg_8",76.3,11.57
"Control_Mouse_3","Control","Control_Mouse_3_Cell_3","Control_Mouse_3_Cell_3_Seg_9",26.5,14.7
"Control_Mouse_3","Control","Control_Mouse_3_Cell_3","Control_Mouse_3_Cell_3_Seg_10",123.1,11.5
"Control_Mouse_4","Control","Control_Mouse_4_Cell_1","Control_Mouse_4_Cell_1_Seg_1",99.9,11.44
"Control_Mouse_4","Control","Control_Mouse_4_Cell_1","Control_Mouse_4_Cell_1_Seg_2",117.3,10.59
"Control_Mouse_4","Control","Control_Mouse_4_Cell_1","Control_Mouse_4_Cell_1_Seg_3",23.5,13.18
"Control_Mouse_4","Control","Control_Mouse_4_Cell_1","Control_Mouse_4_Cell_1_Seg_4",61.9,13.45
"Control_Mouse_4","Control","Control_Mouse_4_Cell_1","Control_Mouse_4_Cell_1_Seg_5",132,9.9
"Control_Mouse_4","Control","Control_Mouse_4_Cell_1","Control_Mouse_4_Cell_1_Seg_6",52.5,12.35
"Control_Mouse_4","Control","Control_Mouse_4_Cell_1","Control_Mouse_4_Cell_1_Seg_7",48.4,12.24
"Control_Mouse_4","Control","Control_Mouse_4_Cell_1","Control_Mouse_4_Cell_1_Seg_8",58.4,11.21
"Control_Mouse_4","Control","Control_Mouse_4_Cell_1","Control_Mouse_4_Cell_1_Seg_9",134.4,11.28
"Control_Mouse_4","Control","Control_Mouse_4_Cell_1","Control_Mouse_4_Cell_1_Seg_10",40.3,12.35
"Control_Mouse_4","Control","Control_Mouse_4_Cell_2","Control_Mouse_4_Cell_2_Seg_1",143.6,11.18
"Control_Mouse_4","Control","Control_Mouse_4_Cell_2","Control_Mouse_4_Cell_2_Seg_2",93,11.43
"Control_Mouse_4","Control","Control_Mouse_4_Cell_2","Control_Mouse_4_Cell_2_Seg_3",137.5,9.63
"Control_Mouse_4","Control","Control_Mouse_4_Cell_2","Control_Mouse_4_Cell_2_Seg_4",81.6,11.35
"Control_Mouse_4","Control","Control_Mouse_4_Cell_2","Control_Mouse_4_Cell_2_Seg_5",62.3,10.53
"Control_Mouse_4","Control","Control_Mouse_4_Cell_2","Control_Mouse_4_Cell_2_Seg_6",113.7,11.41
"Control_Mouse_4","Control","Control_Mouse_4_Cell_2","Control_Mouse_4_Cell_2_Seg_7",42,12.69
"Control_Mouse_4","Control","Control_Mouse_4_Cell_2","Control_Mouse_4_Cell_2_Seg_8",136,11.37
"Control_Mouse_4","Control","Control_Mouse_4_Cell_2","Control_Mouse_4_Cell_2_Seg_9",114.5,10.3
"Control_Mouse_4","Control","Control_Mouse_4_Cell_2","Control_Mouse_4_Cell_2_Seg_10",105.3,11.09
"Control_Mouse_4","Control","Control_Mouse_4_Cell_3","Control_Mouse_4_Cell_3_Seg_1",27.5,11.03
"Control_Mouse_4","Control","Control_Mouse_4_Cell_3","Control_Mouse_4_Cell_3_Seg_2",62.7,13.01
"Control_Mouse_4","Control","Control_Mouse_4_Cell_3","Control_Mouse_4_Cell_3_Seg_3",125.8,10.13
"Control_Mouse_4","Control","Control_Mouse_4_Cell_3","Control_Mouse_4_Cell_3_Seg_4",44.2,11.76
"Control_Mouse_4","Control","Control_Mouse_4_Cell_3","Control_Mouse_4_Cell_3_Seg_5",78.1,11.93
"Control_Mouse_4","Control","Control_Mouse_4_Cell_3","Control_Mouse_4_Cell_3_Seg_6",98.8,11.29
"Control_Mouse_4","Control","Control_Mouse_4_Cell_3","Control_Mouse_4_Cell_3_Seg_7",50.9,13.61
"Control_Mouse_4","Control","Control_Mouse_4_Cell_3","Control_Mouse_4_Cell_3_Seg_8",119.7,11.73
"Control_Mouse_4","Control","Control_Mouse_4_Cell_3","Control_Mouse_4_Cell_3_Seg_9",34.1,13.8
"Control_Mouse_4","Control","Control_Mouse_4_Cell_3","Control_Mouse_4_Cell_3_Seg_10",149.1,10.82
"Control_Mouse_4","Control","Control_Mouse_4_Cell_4","Control_Mouse_4_Cell_4_Seg_1",63,14.72
"Control_Mouse_4","Control","Control_Mouse_4_Cell_4","Control_Mouse_4_Cell_4_Seg_2",117.7,12.25
"Control_Mouse_4","Control","Control_Mouse_4_Cell_4","Control_Mouse_4_Cell_4_Seg_3",142.2,12.69
"Control_Mouse_4","Control","Control_Mouse_4_Cell_4","Control_Mouse_4_Cell_4_Seg_4",145.1,10.85
"Control_Mouse_4","Control","Control_Mouse_4_Cell_4","Control_Mouse_4_Cell_4_Seg_5",90.1,12.49
"Control_Mouse_4","Control","Control_Mouse_4_Cell_4","Control_Mouse_4_Cell_4_Seg_6",21.4,13.54
"Control_Mouse_4","Control","Control_Mouse_4_Cell_4","Control_Mouse_4_Cell_4_Seg_7",38.1,14.68
"Control_Mouse_4","Control","Control_Mouse_4_Cell_4","Control_Mouse_4_Cell_4_Seg_8",29,13.84
"Control_Mouse_4","Control","Control_Mouse_4_Cell_4","Control_Mouse_4_Cell_4_Seg_9",38.9,14
"Control_Mouse_4","Control","Control_Mouse_4_Cell_4","Control_Mouse_4_Cell_4_Seg_10",141.1,12.32
"Stress_Mouse_1","Stress","Stress_Mouse_1_Cell_1","Stress_Mouse_1_Cell_1_Seg_1",124.5,9.47
"Stress_Mouse_1","Stress","Stress_Mouse_1_Cell_1","Stress_Mouse_1_Cell_1_Seg_2",71.5,11.52
"Stress_Mouse_1","Stress","Stress_Mouse_1_Cell_1","Stress_Mouse_1_Cell_1_Seg_3",94,11.39
"Stress_Mouse_1","Stress","Stress_Mouse_1_Cell_1","Stress_Mouse_1_Cell_1_Seg_4",56.6,11.74
"Stress_Mouse_1","Stress","Stress_Mouse_1_Cell_1","Stress_Mouse_1_Cell_1_Seg_5",102.7,10.56
"Stress_Mouse_1","Stress","Stress_Mouse_1_Cell_1","Stress_Mouse_1_Cell_1_Seg_6",79.2,11
"Stress_Mouse_1","Stress","Stress_Mouse_1_Cell_1","Stress_Mouse_1_Cell_1_Seg_7",64.2,10.97
"Stress_Mouse_1","Stress","Stress_Mouse_1_Cell_1","Stress_Mouse_1_Cell_1_Seg_8",91,11.45
"Stress_Mouse_1","Stress","Stress_Mouse_1_Cell_1","Stress_Mouse_1_Cell_1_Seg_9",139.5,8.98
"Stress_Mouse_1","Stress","Stress_Mouse_1_Cell_1","Stress_Mouse_1_Cell_1_Seg_10",91.8,11.02
"Stress_Mouse_1","Stress","Stress_Mouse_1_Cell_2","Stress_Mouse_1_Cell_2_Seg_1",64.4,12.17
"Stress_Mouse_1","Stress","Stress_Mouse_1_Cell_2","Stress_Mouse_1_Cell_2_Seg_2",61.6,12.22
"Stress_Mouse_1","Stress","Stress_Mouse_1_Cell_2","Stress_Mouse_1_Cell_2_Seg_3",70.5,13.26
"Stress_Mouse_1","Stress","Stress_Mouse_1_Cell_2","Stress_Mouse_1_Cell_2_Seg_4",137.8,12.41
"Stress_Mouse_1","Stress","Stress_Mouse_1_Cell_2","Stress_Mouse_1_Cell_2_Seg_5",112.4,10.67
"Stress_Mouse_1","Stress","Stress_Mouse_1_Cell_2","Stress_Mouse_1_Cell_2_Seg_6",131.2,11.64
"Stress_Mouse_1","Stress","Stress_Mouse_1_Cell_2","Stress_Mouse_1_Cell_2_Seg_7",49.7,12.77
"Stress_Mouse_1","Stress","Stress_Mouse_1_Cell_2","Stress_Mouse_1_Cell_2_Seg_8",117.5,11.57
"Stress_Mouse_1","Stress","Stress_Mouse_1_Cell_2","Stress_Mouse_1_Cell_2_Seg_9",147.9,10.58
"Stress_Mouse_1","Stress","Stress_Mouse_1_Cell_2","Stress_Mouse_1_Cell_2_Seg_10",26.3,13.44
"Stress_Mouse_1","Stress","Stress_Mouse_1_Cell_3","Stress_Mouse_1_Cell_3_Seg_1",60.8,12.44
"Stress_Mouse_1","Stress","Stress_Mouse_1_Cell_3","Stress_Mouse_1_Cell_3_Seg_2",35.1,12.58
"Stress_Mouse_1","Stress","Stress_Mouse_1_Cell_3","Stress_Mouse_1_Cell_3_Seg_3",131.7,11.23
"Stress_Mouse_1","Stress","Stress_Mouse_1_Cell_3","Stress_Mouse_1_Cell_3_Seg_4",29.4,12.69
"Stress_Mouse_1","Stress","Stress_Mouse_1_Cell_3","Stress_Mouse_1_Cell_3_Seg_5",106.6,10.57
"Stress_Mouse_1","Stress","Stress_Mouse_1_Cell_3","Stress_Mouse_1_Cell_3_Seg_6",27.2,12.94
"Stress_Mouse_1","Stress","Stress_Mouse_1_Cell_3","Stress_Mouse_1_Cell_3_Seg_7",108.2,10.62
"Stress_Mouse_1","Stress","Stress_Mouse_1_Cell_3","Stress_Mouse_1_Cell_3_Seg_8",101.7,10.88
"Stress_Mouse_1","Stress","Stress_Mouse_1_Cell_3","Stress_Mouse_1_Cell_3_Seg_9",38.7,11.8
"Stress_Mouse_1","Stress","Stress_Mouse_1_Cell_3","Stress_Mouse_1_Cell_3_Seg_10",99.8,11.61
"Stress_Mouse_2","Stress","Stress_Mouse_2_Cell_1","Stress_Mouse_2_Cell_1_Seg_1",75.3,12.5
"Stress_Mouse_2","Stress","Stress_Mouse_2_Cell_1","Stress_Mouse_2_Cell_1_Seg_2",115.5,12.32
"Stress_Mouse_2","Stress","Stress_Mouse_2_Cell_1","Stress_Mouse_2_Cell_1_Seg_3",43.1,12.49
"Stress_Mouse_2","Stress","Stress_Mouse_2_Cell_1","Stress_Mouse_2_Cell_1_Seg_4",41.6,14.02
"Stress_Mouse_2","Stress","Stress_Mouse_2_Cell_1","Stress_Mouse_2_Cell_1_Seg_5",142.8,11.59
"Stress_Mouse_2","Stress","Stress_Mouse_2_Cell_1","Stress_Mouse_2_Cell_1_Seg_6",74,12.64
"Stress_Mouse_2","Stress","Stress_Mouse_2_Cell_1","Stress_Mouse_2_Cell_1_Seg_7",98.1,12.45
"Stress_Mouse_2","Stress","Stress_Mouse_2_Cell_1","Stress_Mouse_2_Cell_1_Seg_8",81.8,11.82
"Stress_Mouse_2","Stress","Stress_Mouse_2_Cell_1","Stress_Mouse_2_Cell_1_Seg_9",114.3,12.45
"Stress_Mouse_2","Stress","Stress_Mouse_2_Cell_1","Stress_Mouse_2_Cell_1_Seg_10",104.5,12.42
"Stress_Mouse_2","Stress","Stress_Mouse_2_Cell_2","Stress_Mouse_2_Cell_2_Seg_1",126.9,12.34
"Stress_Mouse_2","Stress","Stress_Mouse_2_Cell_2","Stress_Mouse_2_Cell_2_Seg_2",97.5,13.57
"Stress_Mouse_2","Stress","Stress_Mouse_2_Cell_2","Stress_Mouse_2_Cell_2_Seg_3",26.9,13.48
"Stress_Mouse_2","Stress","Stress_Mouse_2_Cell_2","Stress_Mouse_2_Cell_2_Seg_4",127.2,10.72
"Stress_Mouse_2","Stress","Stress_Mouse_2_Cell_2","Stress_Mouse_2_Cell_2_Seg_5",106.9,14.08
"Stress_Mouse_2","Stress","Stress_Mouse_2_Cell_2","Stress_Mouse_2_Cell_2_Seg_6",94,13.27
"Stress_Mouse_2","Stress","Stress_Mouse_2_Cell_2","Stress_Mouse_2_Cell_2_Seg_7",47.2,13.63
"Stress_Mouse_2","Stress","Stress_Mouse_2_Cell_2","Stress_Mouse_2_Cell_2_Seg_8",113.4,12.77
"Stress_Mouse_2","Stress","Stress_Mouse_2_Cell_2","Stress_Mouse_2_Cell_2_Seg_9",144.4,11.83
"Stress_Mouse_2","Stress","Stress_Mouse_2_Cell_2","Stress_Mouse_2_Cell_2_Seg_10",64.8,12.64
"Stress_Mouse_2","Stress","Stress_Mouse_2_Cell_3","Stress_Mouse_2_Cell_3_Seg_1",37.7,13.07
"Stress_Mouse_2","Stress","Stress_Mouse_2_Cell_3","Stress_Mouse_2_Cell_3_Seg_2",75.2,12.25
"Stress_Mouse_2","Stress","Stress_Mouse_2_Cell_3","Stress_Mouse_2_Cell_3_Seg_3",79.9,12.15
"Stress_Mouse_2","Stress","Stress_Mouse_2_Cell_3","Stress_Mouse_2_Cell_3_Seg_4",39.6,11.8
"Stress_Mouse_2","Stress","Stress_Mouse_2_Cell_3","Stress_Mouse_2_Cell_3_Seg_5",56.1,12.07
"Stress_Mouse_2","Stress","Stress_Mouse_2_Cell_3","Stress_Mouse_2_Cell_3_Seg_6",103.8,9.77
"Stress_Mouse_2","Stress","Stress_Mouse_2_Cell_3","Stress_Mouse_2_Cell_3_Seg_7",135,10.67
"Stress_Mouse_2","Stress","Stress_Mouse_2_Cell_3","Stress_Mouse_2_Cell_3_Seg_8",50.6,11.67
"Stress_Mouse_2","Stress","Stress_Mouse_2_Cell_3","Stress_Mouse_2_Cell_3_Seg_9",133.3,10.12
"Stress_Mouse_2","Stress","Stress_Mouse_2_Cell_3","Stress_Mouse_2_Cell_3_Seg_10",68.8,11.33
"Stress_Mouse_3","Stress","Stress_Mouse_3_Cell_1","Stress_Mouse_3_Cell_1_Seg_1",62.2,13.56
"Stress_Mouse_3","Stress","Stress_Mouse_3_Cell_1","Stress_Mouse_3_Cell_1_Seg_2",95.2,13.29
"Stress_Mouse_3","Stress","Stress_Mouse_3_Cell_1","Stress_Mouse_3_Cell_1_Seg_3",44.9,12.92
"Stress_Mouse_3","Stress","Stress_Mouse_3_Cell_1","Stress_Mouse_3_Cell_1_Seg_4",26.7,13.32
"Stress_Mouse_3","Stress","Stress_Mouse_3_Cell_1","Stress_Mouse_3_Cell_1_Seg_5",59.6,13.59
"Stress_Mouse_3","Stress","Stress_Mouse_3_Cell_1","Stress_Mouse_3_Cell_1_Seg_6",77.5,13
"Stress_Mouse_3","Stress","Stress_Mouse_3_Cell_1","Stress_Mouse_3_Cell_1_Seg_7",34.8,14.56
"Stress_Mouse_3","Stress","Stress_Mouse_3_Cell_1","Stress_Mouse_3_Cell_1_Seg_8",140.9,11.72
"Stress_Mouse_3","Stress","Stress_Mouse_3_Cell_1","Stress_Mouse_3_Cell_1_Seg_9",62.9,14.29
"Stress_Mouse_3","Stress","Stress_Mouse_3_Cell_1","Stress_Mouse_3_Cell_1_Seg_10",21.2,14.07
"Stress_Mouse_3","Stress","Stress_Mouse_3_Cell_2","Stress_Mouse_3_Cell_2_Seg_1",28.3,12.8
"Stress_Mouse_3","Stress","Stress_Mouse_3_Cell_2","Stress_Mouse_3_Cell_2_Seg_2",139.6,11.66
"Stress_Mouse_3","Stress","Stress_Mouse_3_Cell_2","Stress_Mouse_3_Cell_2_Seg_3",112.3,12.26
"Stress_Mouse_3","Stress","Stress_Mouse_3_Cell_2","Stress_Mouse_3_Cell_2_Seg_4",73.5,13.04
"Stress_Mouse_3","Stress","Stress_Mouse_3_Cell_2","Stress_Mouse_3_Cell_2_Seg_5",49.1,12.3
"Stress_Mouse_3","Stress","Stress_Mouse_3_Cell_2","Stress_Mouse_3_Cell_2_Seg_6",69.2,13.41
"Stress_Mouse_3","Stress","Stress_Mouse_3_Cell_2","Stress_Mouse_3_Cell_2_Seg_7",69.6,11.53
"Stress_Mouse_3","Stress","Stress_Mouse_3_Cell_2","Stress_Mouse_3_Cell_2_Seg_8",112.1,12.89
"Stress_Mouse_3","Stress","Stress_Mouse_3_Cell_2","Stress_Mouse_3_Cell_2_Seg_9",45.4,13.51
"Stress_Mouse_3","Stress","Stress_Mouse_3_Cell_2","Stress_Mouse_3_Cell_2_Seg_10",36.4,12.12
"Stress_Mouse_3","Stress","Stress_Mouse_3_Cell_3","Stress_Mouse_3_Cell_3_Seg_1",91.8,13.09
"Stress_Mouse_3","Stress","Stress_Mouse_3_Cell_3","Stress_Mouse_3_Cell_3_Seg_2",108.7,12.3
"Stress_Mouse_3","Stress","Stress_Mouse_3_Cell_3","Stress_Mouse_3_Cell_3_Seg_3",31.5,13.38
"Stress_Mouse_3","Stress","Stress_Mouse_3_Cell_3","Stress_Mouse_3_Cell_3_Seg_4",39.5,12.11
"Stress_Mouse_3","Stress","Stress_Mouse_3_Cell_3","Stress_Mouse_3_Cell_3_Seg_5",51.1,11.81
"Stress_Mouse_3","Stress","Stress_Mouse_3_Cell_3","Stress_Mouse_3_Cell_3_Seg_6",82,12.16
"Stress_Mouse_3","Stress","Stress_Mouse_3_Cell_3","Stress_Mouse_3_Cell_3_Seg_7",52.3,11.99
"Stress_Mouse_3","Stress","Stress_Mouse_3_Cell_3","Stress_Mouse_3_Cell_3_Seg_8",108.6,12.27
"Stress_Mouse_3","Stress","Stress_Mouse_3_Cell_3","Stress_Mouse_3_Cell_3_Seg_9",136.8,11.44
"Stress_Mouse_3","Stress","Stress_Mouse_3_Cell_3","Stress_Mouse_3_Cell_3_Seg_10",86.3,12.71
"Stress_Mouse_3","Stress","Stress_Mouse_3_Cell_4","Stress_Mouse_3_Cell_4_Seg_1",89.1,10.16
"Stress_Mouse_3","Stress","Stress_Mouse_3_Cell_4","Stress_Mouse_3_Cell_4_Seg_2",133.1,11.7
"Stress_Mouse_3","Stress","Stress_Mouse_3_Cell_4","Stress_Mouse_3_Cell_4_Seg_3",63.3,11.96
"Stress_Mouse_3","Stress","Stress_Mouse_3_Cell_4","Stress_Mouse_3_Cell_4_Seg_4",87,10.03
"Stress_Mouse_3","Stress","Stress_Mouse_3_Cell_4","Stress_Mouse_3_Cell_4_Seg_5",76.6,13
"Stress_Mouse_3","Stress","Stress_Mouse_3_Cell_4","Stress_Mouse_3_Cell_4_Seg_6",137.9,11.33
"Stress_Mouse_3","Stress","Stress_Mouse_3_Cell_4","Stress_Mouse_3_Cell_4_Seg_7",143.4,10.45
"Stress_Mouse_3","Stress","Stress_Mouse_3_Cell_4","Stress_Mouse_3_Cell_4_Seg_8",101.3,10.49
"Stress_Mouse_3","Stress","Stress_Mouse_3_Cell_4","Stress_Mouse_3_Cell_4_Seg_9",32.6,13.26
"Stress_Mouse_3","Stress","Stress_Mouse_3_Cell_4","Stress_Mouse_3_Cell_4_Seg_10",61.7,12.32
"Stress_Mouse_4","Stress","Stress_Mouse_4_Cell_1","Stress_Mouse_4_Cell_1_Seg_1",65,11.98
"Stress_Mouse_4","Stress","Stress_Mouse_4_Cell_1","Stress_Mouse_4_Cell_1_Seg_2",124.3,12.25
"Stress_Mouse_4","Stress","Stress_Mouse_4_Cell_1","Stress_Mouse_4_Cell_1_Seg_3",73.5,13.83
"Stress_Mouse_4","Stress","Stress_Mouse_4_Cell_1","Stress_Mouse_4_Cell_1_Seg_4",141.6,11.7
"Stress_Mouse_4","Stress","Stress_Mouse_4_Cell_1","Stress_Mouse_4_Cell_1_Seg_5",56.4,13.7
"Stress_Mouse_4","Stress","Stress_Mouse_4_Cell_1","Stress_Mouse_4_Cell_1_Seg_6",110.4,11.86
"Stress_Mouse_4","Stress","Stress_Mouse_4_Cell_1","Stress_Mouse_4_Cell_1_Seg_7",74.3,12.69
"Stress_Mouse_4","Stress","Stress_Mouse_4_Cell_1","Stress_Mouse_4_Cell_1_Seg_8",57.4,13.01
"Stress_Mouse_4","Stress","Stress_Mouse_4_Cell_1","Stress_Mouse_4_Cell_1_Seg_9",102.4,12.12
"Stress_Mouse_4","Stress","Stress_Mouse_4_Cell_1","Stress_Mouse_4_Cell_1_Seg_10",85,12.72
"Stress_Mouse_4","Stress","Stress_Mouse_4_Cell_2","Stress_Mouse_4_Cell_2_Seg_1",124.9,10.52
"Stress_Mouse_4","Stress","Stress_Mouse_4_Cell_2","Stress_Mouse_4_Cell_2_Seg_2",130,10.2
"Stress_Mouse_4","Stress","Stress_Mouse_4_Cell_2","Stress_Mouse_4_Cell_2_Seg_3",34.7,12.62
"Stress_Mouse_4","Stress","Stress_Mouse_4_Cell_2","Stress_Mouse_4_Cell_2_Seg_4",60.8,12.14
"Stress_Mouse_4","Stress","Stress_Mouse_4_Cell_2","Stress_Mouse_4_Cell_2_Seg_5",84.2,12.89
"Stress_Mouse_4","Stress","Stress_Mouse_4_Cell_2","Stress_Mouse_4_Cell_2_Seg_6",45.3,12.06
"Stress_Mouse_4","Stress","Stress_Mouse_4_Cell_2","Stress_Mouse_4_Cell_2_Seg_7",90.2,10.97
"Stress_Mouse_4","Stress","Stress_Mouse_4_Cell_2","Stress_Mouse_4_Cell_2_Seg_8",39.3,13.04
"Stress_Mouse_4","Stress","Stress_Mouse_4_Cell_2","Stress_Mouse_4_Cell_2_Seg_9",88.1,11.89
"Stress_Mouse_4","Stress","Stress_Mouse_4_Cell_2","Stress_Mouse_4_Cell_2_Seg_10",52,12.19
"Stress_Mouse_4","Stress","Stress_Mouse_4_Cell_3","Stress_Mouse_4_Cell_3_Seg_1",54.1,10.68
"Stress_Mouse_4","Stress","Stress_Mouse_4_Cell_3","Stress_Mouse_4_Cell_3_Seg_2",79.9,11
"Stress_Mouse_4","Stress","Stress_Mouse_4_Cell_3","Stress_Mouse_4_Cell_3_Seg_3",127.1,10.57
"Stress_Mouse_4","Stress","Stress_Mouse_4_Cell_3","Stress_Mouse_4_Cell_3_Seg_4",97.5,11.22
"Stress_Mouse_4","Stress","Stress_Mouse_4_Cell_3","Stress_Mouse_4_Cell_3_Seg_5",124.3,9.45
"Stress_Mouse_4","Stress","Stress_Mouse_4_Cell_3","Stress_Mouse_4_Cell_3_Seg_6",42.9,11.55
"Stress_Mouse_4","Stress","Stress_Mouse_4_Cell_3","Stress_Mouse_4_Cell_3_Seg_7",85.8,10.49
"Stress_Mouse_4","Stress","Stress_Mouse_4_Cell_3","Stress_Mouse_4_Cell_3_Seg_8",58.5,10.81
"Stress_Mouse_4","Stress","Stress_Mouse_4_Cell_3","Stress_Mouse_4_Cell_3_Seg_9",79.1,11.53
"Stress_Mouse_4","Stress","Stress_Mouse_4_Cell_3","Stress_Mouse_4_Cell_3_Seg_10",78.9,10.68
