"animal_id","speed_cms","theta_hz","pupil_diam","firing_rate","behavior_score","lfp_ch_1","lfp_ch_2","lfp_ch_3","lfp_ch_4","lfp_ch_5","lfp_ch_6","lfp_ch_7","lfp_ch_8","lfp_ch_9","lfp_ch_10","lfp_ch_11","lfp_ch_12","lfp_ch_13","lfp_ch_14","lfp_ch_15","lfp_ch_16","lfp_ch_17","lfp_ch_18","lfp_ch_19","lfp_ch_20","lfp_ch_21","lfp_ch_22","lfp_ch_23","lfp_ch_24","lfp_ch_25","lfp_ch_26","lfp_ch_27","lfp_ch_28","lfp_ch_29","lfp_ch_30","lfp_ch_31","lfp_ch_32","lfp_ch_33","lfp_ch_34","lfp_ch_35","lfp_ch_36","lfp_ch_37","lfp_ch_38","lfp_ch_39","lfp_ch_40","lfp_ch_41","lfp_ch_42","lfp_ch_43","lfp_ch_44","lfp_ch_45","lfp_ch_46","lfp_ch_47","lfp_ch_48","lfp_ch_49","lfp_ch_50","lfp_ch_51","lfp_ch_52","lfp_ch_53","lfp_ch_54","lfp_ch_55","lfp_ch_56","lfp_ch_57","lfp_ch_58","lfp_ch_59","lfp_ch_60","lfp_ch_61","lfp_ch_62","lfp_ch_63","lfp_ch_64","lfp_ch_65","lfp_ch_66","lfp_ch_67","lfp_ch_68","lfp_ch_69","lfp_ch_70","lfp_ch_71","lfp_ch_72","lfp_ch_73","lfp_ch_74","lfp_ch_75","lfp_ch_76","lfp_ch_77","lfp_ch_78","lfp_ch_79","lfp_ch_80","lfp_ch_81","lfp_ch_82","lfp_ch_83","lfp_ch_84","lfp_ch_85","lfp_ch_86","lfp_ch_87","lfp_ch_88","lfp_ch_89","lfp_ch_90","lfp_ch_91","lfp_ch_92","lfp_ch_93","lfp_ch_94","lfp_ch_95","lfp_ch_96","lfp_ch_97","lfp_ch_98","lfp_ch_99","lfp_ch_100"
"MOU_101",27.75,8.55,0.157,7.38,67.13,-0.555,1.326,0.393,0.347,1.342,0.87,2.165,0.291,-1.043,-0.429,-1.634,-1.25,-0.643,-0.011,-0.012,-2.71,-0.338,-0.623,-0.595,-0.542,0.028,1.96,0.852,-1.128,-0.653,-0.113,0.321,2.411,1.694,1.139,-0.667,-1.29,-0.221,-0.126,-0.272,1.31,0.252,0.1,0.062,0.377,-0.998,2.137,-0.209,-0.824,3.684,-2.192,-0.01,0.059,0.566,-0.104,1.817,0.913,1.477,0.192,0.441,-0.948,-1.428,-0.049,1.52,0.373,0.621,0.405,-0.101,1.376,0.951,1.514,-0.555,2.275,-0.708,-0.035,-1.663,-1.193,0.713,1.287,-1.706,0.957,0.878,0.384,1.533,0.455,0.609,-0.657,0.257,0.218,-1.064,0.515,-0.872,0.177,0.216,0.439,2.334,-0.532,0.89,2.532,0.707,-0.427,1.13,-0.92,1.524,0.281
"MOU_102",20.27,8.94,0.954,9.98,63.25,-1.85,0.637,1.538,-0.514,-0.819,-0.193,3.766,-0.366,-1.186,0.484,0.291,1.331,-1.181,0.523,0.966,-0.788,0.66,1.253,-0.166,-1.136,0.965,-0.233,3.415,-1.613,0.593,-2.037,-0.285,0.451,-0.782,-0.95,0.497,0.062,0.788,0.84,-1.612,1.18,1.619,-0.292,-0.132,0.405,-1.032,-0.173,-0.292,-1.808,2.127,0.514,1.437,1.466,-2.105,-1.259,1.25,-0.736,-1.071,-2.503,-0.204,0.641,1.015,-0.874,-1.161,-0.787,-2.034,-0.545,-1.614,-0.583,0.016,0.792,0.879,0.853,1.779,-0.91,0.056,-1.185,-0.154,0.15,-1.41,-0.832,-0.137,-0.245,0.083,-0.426,1.239,2.117,0.369,0.006,1.159,-0.574,-1.434,-0.757,-0.192,0.529,3.32,-0.542,-0.811,0.206,-0.616,-0.308,0.624,0.556,-1.639,1.522
"MOU_103",19.29,7.52,0.85,10.34,53.25,-0.523,-0.609,0.305,-0.553,-0.409,0.67,0.424,0.023,1.305,-0.238,-1.894,0.521,-0.087,-1.554,0.509,-1.136,-1.263,-0.967,1.154,0.535,0.988,0.811,1.321,-0.612,0.344,1.746,0.044,-0.466,-1.216,-0.405,0.471,-0.818,0.99,0.29,-0.096,-0.243,0.549,-1.344,0.478,-0.892,0.437,-1.078,-1.34,0.371,2.943,0.129,0.113,-1.649,0.572,1.261,-2.054,-0.38,0.476,0.193,-0.214,0.793,-0.174,0.139,0.575,-1.271,-0.818,0.098,0.67,2.69,0.021,0.139,0.368,3.793,1.351,1.078,0.96,-1.359,-1.688,-0.396,1.909,0.334,-1.105,0.198,-0.108,-0.235,0.134,0.921,-1.042,-1.243,0.793,-0.668,-1.177,0.225,1.05,1.517,1.687,-1.394,-0.289,-0.947,0.719,-0.894,0.94,-0.602,0.338,-0.245
"MOU_104",24.46,9.32,0.96,7.83,65.82,1.097,1.092,-0.238,-1.061,-0.83,0.706,3.286,0.034,0.552,-0.276,-0.115,0.869,-0.183,0.232,-1.298,1.224,0.105,1.051,-0.763,-0.095,3.029,-0.886,1.939,0.615,-1.388,0.829,-1.524,1.557,-0.482,-1.121,1.181,-2.4,0.94,0.315,-0.345,0.699,-0.892,-0.209,0.361,0.104,0.84,1.739,-0.231,0.526,3.215,1,1.348,0.681,-0.78,-0.765,-0.611,0.83,-0.49,0.055,0.672,-0.858,-0.216,-1.595,-0.841,1.36,2.056,-0.615,-0.036,-1.553,-0.718,-1.673,0.122,4.889,1.143,1.166,-0.813,0.812,-0.164,-0.567,0.816,0.277,0.473,-1.834,-0.434,-1.093,0.401,-0.821,-0.526,-0.621,-0.701,0.208,-0.252,0.982,-0.964,0.126,4.04,0.877,-1.456,-0.788,1.31,1.071,-1.984,-0.399,-0.407,-0.332
"MOU_105",14.39,7.4,0.361,14.02,49.39,-1.07,-0.246,1.631,-0.168,0.133,0.593,2.467,0.308,-0.556,0.156,-1.114,-0.933,0.348,0.659,0.717,-0.779,1.049,1.022,0.813,-1.21,0.959,0.234,2.181,0.577,-0.232,0.145,0.636,0.343,1.352,0.878,0.363,-1.447,0.003,-1.568,-0.557,0.14,-0.618,-0.377,-0.378,1.425,-0.133,-0.96,-0.321,0.02,2.485,-1.078,-0.262,-0.281,0.388,-1.76,0.764,0.118,-2.021,-0.582,-0.084,1.25,0.562,-0.952,-1.413,-0.756,0.243,0.811,0.864,-0.657,-0.322,2.033,0.173,2.041,-1.02,0.057,-1.402,0.816,-0.692,0.015,0.47,-0.828,0.049,1.877,-1.472,-1.154,-0.007,-0.496,0.235,-0.05,0.074,0.319,0.847,-0.788,0.797,0.408,3.102,0.107,-0.668,-0.388,-1.089,0.226,0.784,-1.392,-0.914,-0.753
"MOU_106",13.33,7.61,0.877,11.37,37.82,0.663,1.998,0.153,1.235,0.048,0.454,2.271,-2.236,-0.532,0.244,-0.195,0.32,1.636,-0.195,1.118,-0.587,0.135,2.432,-1.39,0.19,-1.017,-0.855,2.523,-1.565,0.107,1.299,-0.76,-0.412,-0.866,0.719,-0.399,-0.555,-0.166,0.765,-1.029,-1.691,0.854,0,0.199,0.307,-0.063,0.12,-2.01,-1.095,1.875,0.736,-1.639,-0.227,1.7,-1.378,-0.188,0.344,-0.505,0.349,0.181,-0.266,0.053,1.293,-0.22,0.07,0.397,-0.485,1.09,-0.118,1.366,0.041,0.974,1.239,-1.52,-2.358,0.856,-0.82,0.239,-1.544,-1.489,1.625,1.533,1.662,1.432,0.805,-0.675,0.885,-0.163,-0.45,0.243,-0.278,2.025,-0.916,0.616,-0.187,0.324,1.713,-0.987,-0.041,-0.839,-0.056,-0.71,2.316,0.646,-0.032
"MOU_107",12.07,6.73,0.87,10.08,44.15,-0.844,-1.021,0.535,0.228,0.213,0.185,2.193,0.264,-0.377,0.162,-0.036,-0.787,0.083,1.133,-0.935,-1.661,-0.827,0.213,-0.631,0.312,0.766,0.866,1.447,-0.249,1.022,0.241,1.098,0.318,-0.747,-0.179,-0.388,-1.053,-0.078,-0.032,0.671,-0.955,-1.181,0.062,1.856,0.183,0.085,1.523,-0.087,0.075,-0.694,1.128,0.187,0.038,1.043,0.725,0.547,1.097,0.284,0.41,0.46,-0.191,-0.009,0.151,0.317,-0.349,1.796,0.79,0.075,1.243,0.529,0.138,1.572,3.648,1.103,2.055,0.364,2.461,-0.448,0.248,-0.044,0.308,0.228,0.464,-0.221,-0.704,0.354,0.936,0.258,0.314,0.986,-0.861,1.481,-0.32,0.984,-0.526,4.018,-0.19,-1.435,0.695,0.541,1.018,1.831,1.155,0.049,-0.171
"MOU_108",2.48,6.19,0.171,10.43,54.43,0.796,-0.195,-1.434,-0.001,0.905,0.111,2.239,0.495,0.231,-1.101,-0.268,-0.42,1.09,0.204,-1.285,-0.384,-1.127,-1.122,-0.435,0.78,1.001,-0.17,3.47,-1.379,-1.055,1.552,-1.673,0.539,-1.27,0.051,-1.304,0.646,0.578,-0.709,0.7,2.19,-0.596,0.216,0.885,-0.071,-0.883,-0.099,-1.137,-0.337,2.683,-0.615,-1.053,-0.372,1.316,-0.203,-0.141,-0.014,0.823,1.077,0.238,0.999,0.957,0.28,1.031,-1.061,1.723,-0.061,0.41,-0.302,-1.551,0.117,-0.928,3.045,1.297,0.175,-2.027,-1.06,0.231,-0.672,0.314,0.689,-0.804,-1.282,-0.292,-1.207,0.026,-0.526,0.613,-0.087,1.318,0.054,-0.293,0.861,0.873,-0.665,3.762,-1.691,-0.175,-1.78,0.107,-0.157,0.272,1.423,-1.968,0.134
"MOU_109",6.11,6.85,0.717,14.18,50.9,-0.803,-0.741,-0.574,0.012,-0.325,0.668,2.13,-2.065,0.957,0.442,-0.764,-1.576,1.468,-0.361,2.062,0.801,-0.495,-1.401,1.802,-0.902,2.476,-2.523,1.196,-0.418,0.181,0.758,-0.356,0.836,0.101,1.225,-1.719,-0.229,0.202,-0.936,-0.983,-0.3,-0.22,-0.609,0.054,0.165,-0.924,1.624,-0.042,-1.646,3.508,0.486,-0.659,-1.509,-0.193,0.042,0.883,-0.821,2.957,-0.155,-0.28,-1.716,1.201,0.361,0.002,1.016,-1.042,-0.79,-0.948,-0.458,-2.148,1.249,0.781,2.911,-0.281,0.035,-0.253,1.426,1.038,0.107,1.272,0.899,-0.072,-1.628,0.291,-0.695,-0.078,0.826,0.151,0.229,1.887,-0.559,1.003,0.52,-0.423,0.919,1.961,0.446,0.602,-2.746,-1.114,1.264,1.083,-0.277,-0.743,-1.2
"MOU_110",15.46,8.16,0.612,15.58,56.35,-0.148,-1.989,-0.806,2.18,0.24,0.913,2.783,0.431,0.715,0.408,-0.336,1.748,-0.017,-0.353,-0.674,1.166,-0.169,-0.805,2.149,0.608,-0.033,1.685,2.329,-0.478,-0.735,0.322,1.491,-1.458,0.551,1.364,-0.702,0.407,-1.443,-0.324,0.716,0.888,-2.083,1.156,-1.95,-0.673,-0.558,0.761,-1.558,-0.843,2.446,-0.257,0.608,-0.459,1.178,1.055,0.456,-0.396,0.623,1.145,-1.196,0.579,-1.703,-0.176,-0.062,0.391,0.792,0.458,1.438,0.571,-0.813,0.062,1.424,1.953,0.6,-1.868,0.137,0.21,-0.255,1.357,0.151,0.79,2.078,0.043,-0.185,-0.364,-0.272,1.038,-0.412,-0.791,-0.054,-1.209,-0.947,-0.519,2.498,-0.263,2.414,-0.269,0.614,-1.055,-0.126,-0.229,-0.509,-0.321,1.403,0.223
"MOU_111",30.17,9.49,0.936,10.22,43.12,-0.619,0.947,-0.618,-0.173,-0.988,-0.071,2.014,0.155,-1.21,-1.04,-0.415,0.339,0.38,-0.212,0.241,0.783,-1.392,-1.607,-0.736,-1.022,0.611,-1.411,1.788,1.444,0.462,-0.218,0.457,-0.486,0.173,0.242,3.86,0.557,-1.726,-0.348,0.275,-1.281,-0.313,0.493,-0.897,-0.719,0.827,2.728,-0.929,0.235,2.853,0.117,-1.439,0.431,0.076,2.019,0.738,-0.25,-0.105,1.242,-0.796,1.038,-1.095,-0.828,-0.046,-0.858,0.244,-0.689,-0.573,-1.538,-1.715,0.855,0.832,2.284,-1.11,1.238,0.72,0.115,-0.151,-0.2,0.517,0.529,-1.767,0.966,-1.163,-0.251,2.541,0.852,0.928,1.787,0.647,0.241,-0.981,0.716,0.074,-0.705,1.667,0.278,-2.223,0.516,-0.551,0.057,-0.597,-1.248,0.669,-0.97
"MOU_112",48,6.1,0.355,13.72,57.45,-0.214,0.31,0.719,1.092,2.469,0.332,4.897,-0.585,-0.808,-0.5,-0.105,-1.277,-0.735,-0.113,-0.947,-0.889,1.609,0.348,-0.617,0.279,0.268,-0.466,2.315,-0.257,-1.061,2.918,1.941,0.106,-0.44,0.933,0.116,-2.69,0.764,-0.174,-0.047,0.868,-1.412,1.141,-0.913,0.368,-1.229,-1.947,1.049,0.204,4.4,-1.783,0.336,1.211,-1.171,-0.455,-0.135,0.486,0.458,-0.202,-1.234,-0.114,-1.854,-0.102,0.349,-0.857,0.855,-0.296,0.82,-0.515,-0.741,-0.164,-0.256,3.318,1.139,1.763,0.152,0.478,0.463,-0.127,1.142,-0.446,-0.157,-0.516,1.224,-0.819,-0.801,-1.858,-0.293,0.511,0.861,0.163,-1.067,0.475,-0.165,-0.73,1.658,0.727,-1.164,-0.225,0.656,-0.377,1.631,-0.49,-0.034,1.932
"MOU_113",9.38,7.4,0.762,13.28,56.78,-0.56,0.261,-0.392,-0.033,-0.071,-0.246,3.47,-0.833,0.45,-0.143,-1.205,0.946,0.589,-0.819,0.33,0.958,1.463,0.77,0.838,0.166,0.186,-0.692,2.257,1.128,0.913,0.136,-0.274,1.047,-0.185,-1.751,0.409,-1.442,1.887,-0.669,-0.324,2.053,0.7,0.571,-1.029,-0.381,1.092,0.107,-1.69,0.665,2.472,-0.237,0.57,-1.08,0.001,1.408,-1.82,0.537,0.487,0.273,-0.449,-0.483,0.168,-1.554,2.403,0.577,0.582,-0.122,0.825,-0.097,-1.1,0.866,0.593,2.678,-1.308,-0.556,-0.885,-0.234,0.378,-0.07,-0.664,-0.91,0.525,0.181,1.441,2.373,-1.332,0.4,1.11,1.084,-1.889,0.661,-0.118,-1.484,0.085,0.615,3.755,0.26,0.616,-2.794,-0.627,-1.879,0.197,-0.414,0.234,0.908
"MOU_114",34.03,10.35,0.317,14.02,43.02,-0.56,1.243,0.229,1.802,1.053,-0.553,2.778,1.005,-0.428,0.793,0.211,-1.334,-0.459,-0.874,2.398,-0.497,3.055,0.366,1.197,1.545,0.509,1.116,1.283,-0.397,0.312,-1.152,-1.082,-0.26,0.051,0.909,1.888,1.079,0.542,-0.682,0.219,0.177,-1.375,-1.439,-0.166,0.379,-0.444,-0.42,0.074,0.253,2.314,-1.035,3.614,-1.32,-2.04,-0.192,-0.977,0.178,0.151,0.821,0.074,-0.288,-0.401,1.084,-0.005,-0.616,-0.345,1.046,-0.091,-0.365,0.215,-0.339,-1.683,3.266,-1.29,-0.901,0.794,-0.073,-0.55,-0.158,0.186,-1.06,0.08,-0.626,0.84,0.094,-1.134,-1.039,-1.402,0.788,-0.573,-0.77,-0.165,0.652,-0.447,0.1,0.063,-0.877,0.463,0.101,0.684,-1.073,-0.067,0.14,-1.345,1.173
"MOU_115",25.68,9.82,0.322,14.21,66.57,-0.579,0.354,-1.189,0.368,0.993,0.506,3.681,-0.765,-0.989,0.069,1.448,-1.388,1.434,0.256,0.495,-0.68,-1.034,0.853,0.211,-1.13,0.227,-0.258,1.88,-0.844,0.713,1.365,-0.445,-0.437,-2.106,1.066,0.553,0.963,-0.409,-1.031,0.886,1.145,1.172,-1.32,-0.116,1.086,-0.659,1.103,0.8,-1.661,3.456,-0.781,-1.009,1.12,0.245,-1.059,-1.651,-1.51,-0.393,-1.79,-0.287,0.255,-0.921,0.73,-0.448,-1.074,0.394,1.084,0.782,-0.856,-0.867,-0.756,-0.723,1.44,-0.24,0.619,1.83,-1.109,1.357,-0.177,-0.244,-0.67,0.412,0.744,0.218,-0.222,0.735,-1.041,0.1,-1.774,0.03,1.289,-0.306,-0.029,0.299,-0.029,4.273,-0.351,0.043,-0.315,-1.524,1.797,0.406,-0.22,-0.762,-1.108
"MOU_116",29.21,9.57,0.703,14.19,61.44,1.435,0.439,-1.712,1.173,-0.971,-0.739,1.658,1.744,0.312,-0.199,0.162,-1.052,0.792,-0.374,0.141,0.763,0.246,-0.3,0.548,0.898,-0.312,-1.759,3.319,-1.506,-0.543,0.998,1.677,1.648,0.138,-0.215,-0.267,-1.049,-0.91,0.6,0.905,-1.274,0.477,-0.147,-0.655,0.967,-0.83,1.371,0.428,-0.553,4.754,0.466,-0.845,-1.518,-0.858,-0.457,-1.087,-0.419,0.783,-0.789,0.665,1.378,-0.58,0.977,2.208,0.182,-0.71,1.357,0.113,0.322,1.097,1.912,0.73,2.833,-1.106,-0.703,0.743,1.113,-0.895,2.441,0.585,-1.542,0.201,-0.687,-0.326,-0.33,-0.506,0.303,0.234,-1.808,0.521,0.072,0.18,-0.326,0.352,1.729,1.768,-0.375,-1.757,0.397,-1.384,0.436,1.349,-0.126,-0.5,1.227
"MOU_117",15.34,7.73,0.947,8.15,52.47,1.142,1.418,-0.839,0.875,-0.17,1.043,3.915,0.279,-0.285,1.009,0.268,0.697,-0.479,-0.902,0.937,0.169,-0.855,0.718,0.596,1.554,-0.512,0.049,2.089,1.084,0.398,-1.805,-1.453,0.597,0.6,-0.952,-0.861,-0.41,-0.635,-0.281,0.547,-2.013,-0.224,0.297,-0.847,0.62,-0.179,1.8,-0.254,-1.76,1.726,2.469,0.867,-0.256,0.46,-1.054,-0.472,0.157,-1.373,-0.959,0.28,0.003,-0.229,-0.913,-1.126,-1.208,0.587,-0.395,-0.347,0.86,0.154,-0.608,0.183,4.675,-0.43,0.761,-1.59,0.893,0.267,0.047,-0.772,-1.121,-1.858,1.057,-0.729,0.631,0.553,-0.842,-1.292,-1.086,-1.309,-0.177,0.35,1.971,1.126,-1.384,2.671,0.223,1.032,-0.367,0.204,-1.445,-0.183,0.965,0.211,-0.449
"MOU_118",15.57,8.34,0.756,12.54,39.09,-0.482,0.539,0.056,-0.96,-0.506,0.209,2.267,0.975,-1.203,-1.031,0.691,-0.201,0.976,0.147,0.725,0.139,-1.242,-0.808,0.815,-1.757,0.239,-2.015,1.828,0.191,0.998,2.023,0.859,0.83,-0.5,-0.243,1.01,-0.107,-0.315,-0.922,-0.709,0.773,-0.318,0.848,-0.696,0.899,-0.05,0.961,-0.385,0.21,1.673,0.365,-0.859,1.004,-0.158,2.784,0.14,-0.206,-0.897,0.207,-0.139,0.189,1.15,1.674,0.637,-0.134,-0.03,0.565,-1.667,-1.111,0.348,-0.03,-1.441,3.929,-1.751,-0.42,-2.221,1.358,-0.612,0.31,0.297,-1.091,0.442,0.318,0.884,1.068,0.829,1.125,-0.854,-0.114,1.243,-0.451,0.663,0.465,0.156,-0.326,1.499,-0.754,-0.015,-2.023,-0.277,2.566,0.613,-0.61,0.926,-1.649
"MOU_119",33.32,10.49,0.251,12.27,56.54,0.491,-0.061,-0.212,-1.071,0.085,-0.319,5.303,-0.132,0.058,0.676,0.165,0.208,0.587,-0.638,-2.635,-1.27,0.863,-0.597,0.565,1.52,-0.876,-0.059,1.655,0.784,-1.741,1.346,0.728,-0.14,1.223,1.076,-0.493,-0.399,0.468,-1.419,2.185,0.396,0.549,-0.67,0.47,-1.124,0.068,2.599,-0.25,0.514,1.472,-1.454,-1.326,-0.284,0.122,0.922,-1.885,0.519,1.012,1.499,-1.132,-0.603,0.237,-0.326,-0.389,0.166,-1.494,-0.13,0.51,-1.35,-1.624,-0.099,1.695,3.302,-0.796,1.295,-0.483,-0.737,0.51,-0.388,-0.33,-1.582,-1.735,-0.17,-0.355,-1.213,0.307,-0.023,0.588,-0.527,-0.598,0.048,0.196,0.67,0.715,-2.09,3.181,0.454,-0.378,0.233,-0.425,0.47,0.839,-0.304,0.809,1.154
"MOU_120",19.41,8.68,0.645,14.15,43.42,0.251,-0.581,0.158,-0.009,0.829,-0.237,1.92,0.965,-0.743,-1.035,0.251,0.1,0.133,-1.004,-1.09,-0.422,-0.33,-0.51,0.015,0.302,-1.233,-0.146,3.749,0.513,-1.289,0.837,1.306,-0.425,0.182,-0.757,0.763,-0.519,-1.245,-1.621,-0.35,-0.022,0.996,-1.037,0.984,-1.4,-0.128,0.088,-0.051,-0.049,2.591,1.006,-1.282,0.435,-1.457,-0.551,-0.015,-0.592,-0.043,1.481,-0.398,2.287,0.971,-0.193,-0.719,0.444,0.639,1.467,0.549,0.173,0.746,1.41,-0.713,1.596,-1.188,-0.384,-0.467,0.735,1.218,1.516,1.152,1.557,0.01,-0.287,-0.549,0.014,0.215,-0.333,1.131,-1.091,-0.287,-0.501,1.393,-0.816,-0.678,0.176,1.85,-0.551,2.284,0.405,-1.01,1.261,-2.398,1.266,-0.304,0.237
"MOU_121",15.78,8.48,0.24,12.39,47.6,-0.856,-1.047,1.402,-1.614,0.116,0.642,1.955,0.304,-1.623,-0.014,0.626,0.026,-0.21,-0.425,-0.481,-0.783,-1.756,0.748,1.26,1.146,-0.385,-0.227,1.163,0.953,1.021,0.639,0.224,-1.209,-0.312,1.859,-0.417,-1.615,0.132,-0.367,0.845,-0.062,-1.393,-0.28,0.068,1.348,0.271,-0.338,0.322,0.563,1.961,2.723,0.344,1.355,0.29,0.95,-0.164,-2.742,0.559,-0.199,-0.575,0.198,-1.821,-0.384,2.26,1.325,1.037,-0.876,0.2,-0.957,-0.178,1.249,-0.255,2.946,0.539,-0.258,1.607,0.278,1.182,1.049,-1.268,1.18,1.401,0.728,-0.806,1.803,-0.964,1.95,-0.064,0.761,1.332,0.422,0.217,-0.278,-0.057,0.674,0.969,0.359,-0.202,-0.311,-1.1,0.478,-0.088,0.178,1.141,0.65
"MOU_122",27.71,9.42,0.316,12.67,57.65,-0.745,-0.708,0.123,-0.325,1.02,-0.056,3.109,-0.888,0.273,0.012,-0.732,0.449,-1.801,0.12,0.815,1.386,-1.243,-0.802,0.327,-0.759,-1.066,-0.752,1.399,-1.589,-0.488,0.56,0.788,-0.577,1.237,-0.775,1.63,-0.612,0.595,-2.331,-1.608,-0.321,0.482,0.448,2.672,1.478,-0.469,0.028,1.949,-1.686,3.446,-0.878,1.475,1.477,-1.136,0.21,-0.636,0.01,1.416,-0.967,0.432,0.862,-1.507,0.035,-0.234,0.727,0.108,-1.734,-1.044,0.323,0.335,0.322,0.175,4.913,1.935,-1.868,-0.027,0.15,-1.016,1.296,-0.097,-0.609,-0.961,-0.944,0.153,-1.055,-0.625,0.538,1.265,-0.063,0.728,-0.345,1.937,-0.525,0.959,0.528,1.999,0.99,-0.998,-1.384,1.124,0.05,-0.207,-1.334,-1.493,0.738
"MOU_123",8.25,7.18,0.44,14.23,56.58,0.287,1.939,-0.454,1.129,-2.951,-1.464,1.824,-0.166,-0.063,1.688,-0.525,0.475,1.664,-1.41,0.067,-0.681,0.42,0.172,-1.19,0,-1.63,-0.742,1.992,0.55,0.102,0.189,0.395,0.219,-1.117,-0.235,0.65,1.556,-0.013,-0.097,-0.829,-1.995,-1.36,-0.646,-1.232,1.135,-1.446,0.123,1.026,0.761,2.325,-1.478,-0.154,-0.226,0.519,-1.523,-0.023,0.665,-0.626,-0.077,1.262,-0.426,-2.159,1.326,0.427,-0.677,0.424,0.82,-0.423,-1.116,-0.392,-0.75,0.755,4.936,0.027,-0.412,-1.42,-1.747,1.555,-0.03,0.431,0.52,-0.071,-0.281,0.22,3.062,-0.804,-1.15,1.111,0.765,0.938,-0.017,0.118,-1.535,-0.346,1.373,1.507,-0.97,-0.446,-0.387,0.564,-0.86,-1.462,-1.527,-0.232,-1.032
"MOU_124",16.98,8.22,0.7,14,44.31,1.254,1.65,-1.533,-1.973,0.59,-0.521,3.432,0.787,0.189,0.853,0.561,-0.178,-1.239,1.149,-0.809,-1.591,0.668,2.1,-0.038,0.721,-0.293,0.983,0.541,-0.114,1.575,0.997,-0.446,0.525,0.878,-0.417,0.412,-0.763,-0.441,-0.172,0.97,0.634,0.176,0.25,-0.436,1.017,-0.476,-0.535,-1.375,-0.711,2.449,0.721,-0.177,-1.14,0.881,0.531,0.489,-0.236,-0.399,-0.05,0.374,0.395,-0.177,-1.326,0.455,0.887,-1.722,0.3,0.756,0.771,-0.596,0.044,0.096,2.133,1.019,0.819,-1.281,-0.217,-0.231,1.353,0.237,0.059,0.199,0.789,-0.523,-0.735,2.004,1.117,1.09,0.469,-0.996,-0.263,0.835,-0.392,-0.929,-1.136,3.89,-0.062,-0.464,0.293,-0.129,0.751,0.052,0.284,0.887,-0.237
"MOU_125",11.36,8.24,0.377,14.49,44.71,-0.201,-0.214,0.301,2.24,-0.08,-0.204,2.177,0.338,-0.388,-0.523,-0.594,0.568,0.868,0.294,0.644,1.345,-0.167,0.153,-1.716,-0.23,0.347,-0.818,3.723,0.851,0.378,0.583,0.555,0.004,0.564,-0.177,-0.482,-0.618,-1.052,2.087,-1.313,0.119,-0.942,0.478,1.348,-1.142,-0.68,-0.512,-0.818,0.955,1.577,-0.58,-1.063,-0.917,0.545,-1.044,-2.135,0.097,-1.675,-1.406,-0.283,1.433,0.133,-0.669,-1.41,-0.767,-0.268,0.001,-2.808,0.432,0.596,-0.24,0.867,2.129,-1.007,-0.491,-1.009,-1.804,-0.28,-1.416,0.844,0.732,-0.042,0.585,-0.121,-1.676,0.7,0.865,-0.355,1.061,-1.488,-1.435,-0.147,1.006,0.155,0.834,4.058,1.647,1.077,1.526,1.1,-0.175,-0.754,0.389,-1.07,0.591
"MOU_126",2.77,6.46,0.455,15.04,45.58,-0.916,0.194,-1.317,-0.234,0.568,0.68,2.423,1.825,-1.789,1.372,-0.416,0.268,-0.464,0.076,0.983,-2.09,-2.11,-1.053,0.556,0.051,0.788,-0.132,1.186,0.091,0.525,-1.575,1.501,-1.061,0.716,0.3,-0.303,-1.207,-0.659,0.67,-0.85,-3.42,0.01,1.236,0.801,0.837,0.249,0.426,0.017,-2.273,1.661,0.312,0.657,-0.792,0.534,0.976,1.042,0.348,-0.418,0.411,0.773,0.003,0.961,-0.504,-0.777,0.148,-1.279,1.715,-0.63,1.53,0.365,0.263,0.924,3.18,1.276,-1.771,0.025,-1.489,-2.72,-0.057,0.937,0.761,-0.377,-0.507,1.718,1.229,0.863,0.189,1.276,1.856,-0.075,-0.449,0.427,2.017,0.115,-1.549,1.992,0.432,1.256,-0.284,1.228,-0.029,-1.041,0.373,0.053,-2.918
"MOU_127",18.34,9.37,0.645,14.72,38.3,0.009,1.3,1.762,-0.097,-0.678,0.04,0.893,-2.294,-0.209,-1.34,-0.334,1.491,2.112,0.577,-1.611,1.161,0.154,-0.173,-0.184,-0.942,1.234,0.392,1.762,1.893,-0.757,-0.262,0.365,-0.305,0.355,-0.198,-1.655,0.423,0.269,1.156,0.339,0.856,0.421,0.499,-0.844,-1.149,0.041,1.693,0.386,0.665,0.77,-0.173,1.152,-0.19,-0.143,-0.286,-0.876,1.577,-0.178,0.19,-0.233,-2.688,-1.754,-1.246,1.252,-1.547,-1.17,-1.045,0.776,0.763,0.219,-0.092,0.777,1.024,-0.885,0.813,-1,0.102,0.686,-2.674,0.459,-0.882,0.063,0.382,-0.324,0.451,0.996,-0.414,-0.591,-1.126,-0.031,-2.262,0.262,-0.558,0.981,0.609,1.439,0.941,-1.525,-0.543,-0.489,1.17,1.605,-1.68,2.103,-0.962
"MOU_128",3.83,5.9,0.218,12.18,55.15,0.559,-0.058,-1.962,-0.036,-1.214,-1.563,2.514,-0.15,-1.762,0.016,0.522,-0.637,0.999,0.932,0.914,0.803,-0.748,-0.665,0.222,0.302,2.041,-0.44,1.003,1.432,0.122,0.278,-0.013,1.341,-0.835,-0.632,-0.761,0.679,-0.586,0.427,-1.799,3.095,-1.575,0.797,-1.02,-0.153,0.275,0.009,0.639,1.281,2.961,1.246,-0.252,-0.025,-0.9,0.891,-0.094,0.524,1.658,0.978,1.562,-0.321,-1.473,0.457,1.498,1.395,-2.031,0.676,0.188,-1.377,-0.173,0.012,0.077,2.688,1.24,-1.366,-0.687,-0.913,0.006,-0.009,0.014,-0.558,-0.928,-0.046,-0.844,-0.069,0.03,0.893,0.611,-0.401,-0.851,0.212,0.915,1.239,2.137,-1.013,2.506,1.847,-1.022,-0.957,0.649,-1.006,0.077,0.24,0.528,-0.859
"MOU_129",4.5,7.25,0.663,15.67,42.88,0.069,-0.193,-0.276,-0.084,0.904,0.302,1.564,0.745,2.12,-2.795,-0.278,-0.751,-0.108,0.83,-0.33,0.19,0.435,-1.047,0.118,-0.466,0.542,1.079,1.051,0.602,0.345,0.488,1.506,0.613,0.837,0.243,-0.697,0.484,-2.309,1.012,-1.131,-0.024,-0.341,1.21,0.967,-0.107,-0.287,0.495,-0.36,-2.063,2.156,-0.628,-1.388,0.186,0.728,0.304,0.525,-1.486,0.728,0.08,0.624,1.692,-0.266,-1.343,-0.595,-1.058,-1.225,1.127,1.423,0.821,-3.709,0.784,1.353,3.382,0.118,-0.687,0.03,0.605,0.403,0.301,-0.603,-0.431,1.07,-0.218,-1.77,0.004,-2.18,0.766,1.298,-1.422,-0.766,0.063,0.604,1.476,-0.439,-0.378,0.951,-0.744,0.304,-0.598,0.072,-0.832,0.402,1.203,1.072,-1.056
"MOU_130",21.03,8.55,0.579,15.63,49.79,-0.484,-1.156,0.213,0.081,0.087,0.629,3.461,0.618,0.439,-0.767,-0.122,-1.382,-0.138,1.684,0.698,0.424,0.519,0.958,0.245,1.009,0.773,-0.213,3.507,0.808,0.746,1.951,0.527,0.528,-2.957,0.468,0.915,-0.411,-0.457,-0.016,0.341,0.229,0.189,-0.841,1.322,-0.435,1.25,-0.039,0.921,-0.246,1.961,0.22,1.087,0.745,-0.602,0.164,-0.053,1.04,0.601,-0.487,-2.169,-0.184,-0.742,0.484,0.911,-0.053,-0.667,0.206,1.213,-0.295,-0.503,0.298,1.607,1.688,-0.27,-0.237,0.019,1.976,-1.997,-0.726,-0.921,0.002,0.083,-0.489,0.411,0.482,0.471,0.626,0.732,-0.597,0.068,0.263,-0.299,-0.367,-0.894,-0.596,2.598,1.387,-0.78,-1.169,0.107,-1.929,0.235,-0.844,0.414,0.589
"MOU_131",7.36,7.22,0.848,10.26,64.48,0.997,1.383,-1.152,-1.6,-1.256,0.352,2.381,1.336,0.927,1.505,-0.068,0.609,0.163,-0.582,-1.092,1.247,-1.489,2.393,-0.496,0.464,1.743,0.397,3.766,1.953,-1.408,-0.834,-0.091,-1.062,0.197,2.266,1.45,0.692,1.551,0.423,1.251,0.779,0.817,-1.326,1.681,0.169,0.375,0.815,0.026,0.194,3.449,1.486,1.354,0.456,0.114,-0.928,-0.207,0.418,1.138,1.862,-0.122,0.364,0.171,-0.408,0.551,0.034,1.552,-0.129,-0.764,-0.954,-0.907,0.695,0.539,3.501,-0.988,1.093,1.613,-0.072,-0.672,0.341,0.061,-0.599,-0.773,-0.895,0.334,-0.681,1.627,0.33,0.457,0.713,-1.574,-0.292,0.46,0.165,0.689,0.566,2.347,0.461,0.556,0.349,-0.92,-1.558,0.433,1.284,-0.232,-0.079
"MOU_132",25.67,9,0.289,12.36,59.51,-0.587,-0.263,1.086,0.696,0.36,1.543,3.69,-0.108,0.733,-0.472,-1.477,-1.698,-0.886,-0.482,-0.393,1.095,0.721,-0.276,-0.405,1.161,-0.135,-0.244,4.513,-0.035,-1.295,-1.672,-0.526,-1.185,0.027,0.314,2.333,1.475,1.806,0.122,-1.662,0.237,0.026,0.657,-0.941,0.619,-0.026,-0.875,-1.34,0.314,3.238,-0.717,0.057,-0.35,2.054,0.184,0.235,-1.005,0.831,0.538,0.17,0.938,0.749,1.825,-0.724,-0.785,-0.307,0.089,-0.217,-0.383,-0.712,-0.777,0.308,1.399,0.626,0.685,1.496,-1.08,-0.925,-0.26,-1.301,-0.504,-1.214,-0.358,0.798,1.029,-0.867,-1.734,0.606,-0.799,1.373,0.533,0.24,0.341,-0.844,0.83,1.532,-1.043,1.212,0.996,0.708,-0.025,0.11,2.325,-0.467,0.412
"MOU_133",20.65,7.28,0.714,13.3,36.95,0.792,0.589,1.658,-1.243,-0.112,0.174,2.234,1.255,-0.887,-1.996,0.417,1.667,1.287,-0.552,-0.743,-0.409,-1.02,-1.765,-0.966,-1.132,-0.597,-1.222,1.648,0.685,-0.423,-0.177,0.074,-0.246,-0.017,-0.417,-1.169,0.85,-1.33,-1.583,-0.113,-0.264,0.451,0.131,1.291,-1.416,1.773,2.167,-0.984,0.28,2.772,-0.207,-0.049,-1.829,-1.361,0.303,1.448,1.68,-1.804,-0.308,0.008,-0.286,1.172,0.603,-0.238,0.581,-1.317,-0.35,1.421,-0.961,0.663,0.396,0.317,0.881,1.126,0.346,0.351,0.907,-1.007,-0.557,0.778,0.23,-0.251,-0.731,-0.029,-1.296,0.836,0.817,-0.631,0.965,1.154,0.018,-2.796,0.243,-0.892,0.051,0.387,-2.173,-0.64,0.173,-1.599,-0.006,-1.456,-1.35,-1.789,-1.19
"MOU_134",29.44,10.13,0.119,7.74,42.55,-2.441,0.855,1.597,-0.515,0.645,-1.286,2.943,-0.264,0.584,-0.035,0.899,-0.334,0.021,-0.775,0.797,0.489,0.242,-0.401,0.346,1.638,1.524,0.287,1.972,0.276,-0.86,-1.63,0.827,0.239,-0.939,-0.203,-0.044,1.338,-0.743,-0.214,-0.12,-0.421,0.156,0.87,-1.217,-1.262,0.51,-0.418,-1.067,0.529,2.817,-0.565,0.298,1.306,-0.504,-0.84,0.484,-0.837,0.371,-0.409,0.204,-0.607,1.719,-1.008,0.854,0.791,1.48,0.624,1.185,0.573,-0.112,0.266,0.95,1.777,-0.953,-0.457,1.065,-0.858,1.617,-0.763,-3.179,-0.657,-1.639,0.715,-0.229,0.416,0.798,0.903,-0.012,-0.06,1.308,0.879,-1.053,-1.083,0.007,1.706,1.159,0.708,1.672,-0.503,-0.272,-0.395,-0.602,1.435,0.902,0.268
"MOU_135",31.57,10.12,0.728,12.79,45.72,0.292,0.239,-0.666,1.015,-1.036,1.268,3.366,0.233,0.462,-1.328,-0.592,1.794,-0.274,-0.321,-0.779,-0.77,0.499,0.805,0.634,0.013,1.243,2.159,4.065,-2.972,-0.553,-1.794,-0.249,-1.125,1.983,0.178,-0.159,1.064,0.656,0.306,-1.537,0.761,0.606,0.01,-0.979,-0.055,-1.156,-0.239,-1.935,0.149,2.322,-1.739,0.383,-0.201,-0.116,-0.789,0.154,0.255,-2.043,0.987,0.518,0.726,-0.772,0.961,0.411,1.621,-0.671,-0.281,-1.972,1.527,0.486,0.65,-0.839,1.904,0.369,0.375,-0.436,1.426,-0.646,-0.91,1.62,0.527,0.437,1.301,-1.201,1.733,0.48,0.039,0.067,-1.269,0.231,-0.469,-1.056,-0.351,-1.459,-0.153,2.663,0.994,-1.533,-1.051,-2.369,-1.271,0.199,1.256,-0.447,-0.171
"MOU_136",22.28,7.62,0.132,8,51.16,0.177,-2.387,0.223,0.068,0.717,-2.329,3.811,0.126,-0.76,2.209,-1.405,-1.3,1.104,0.078,0.039,-0.986,0.756,-0.663,-0.159,0.142,-0.316,0.081,3.022,-2.576,-1.692,2.241,-2.378,-1.775,0.949,-0.818,1.579,-0.076,-1.311,0.643,0.807,0.017,-0.362,-1.241,-1.288,-2.067,0.595,1.076,-0.081,0.089,2.55,0.212,-0.244,1.408,1.774,-1.113,0.834,0.381,0.316,-0.736,-0.155,-1.557,0.184,0.111,0.761,-0.818,-0.738,0.003,-0.568,-0.766,-0.625,-0.311,0.248,2.337,0.737,0.024,-1.524,0.384,-0.487,1.251,1.103,-0.48,-0.525,-2.079,0.352,-1.076,-0.312,-0.44,-0.786,-0.002,-1.497,1.036,1.344,-1.245,1.281,-0.561,1.581,0.938,0.646,-0.113,1.025,0.616,-1.56,-0.772,0.314,0.742
"MOU_137",30.87,10.29,0.627,15.02,52,-0.452,-1.069,-0.838,-0.587,-0.074,2.05,1.035,-0.581,0.77,0.824,-0.828,0.386,-0.756,-0.335,-0.373,-0.22,1.927,1.451,-0.565,0.656,1.519,-0.668,2.011,-0.179,1.025,0.02,-0.197,-1.29,0.453,-0.038,-0.737,1.342,-0.124,-0.328,0.135,0.747,-1.699,-2.203,0.153,0.991,-1.081,2.067,0.767,-0.797,1.773,-0.605,1.156,-1.041,0.85,-0.589,2.101,-0.048,1.22,0.39,0.68,-0.404,0.362,-1.453,0.322,-0.516,1.028,0.045,-0.269,0.437,-0.442,0.182,0.478,3.676,-0.629,-0.001,1.358,0.199,0.709,-1.005,0.894,-0.504,-1.078,0.614,1.506,-0.093,-0.003,0.638,-0.312,1.623,-0.604,-1.928,-0.24,-0.603,2.569,0.857,2.932,-2.161,-0.865,0.252,-0.055,-0.127,-1.709,1.269,-0.625,0.72
"MOU_138",33.62,9.65,0.329,13.39,38.53,-0.366,-1.828,-2.281,-0.854,-0.641,-0.29,1.74,0.478,0.825,-0.593,-2.167,-0.942,-1.529,0.495,1.723,-0.758,0.212,-1.545,0.284,-0.208,-1.136,-0.859,1.988,-1.346,-0.805,0.378,-0.802,-2.774,-0.171,0.555,0.958,-0.398,-2.232,0.608,0.527,0.504,-0.405,0.817,-0.331,-0.144,-0.885,-0.591,-0.204,0.536,1.909,-1.455,0.1,-0.844,-1.613,0.578,1.653,-0.292,-1.456,-0.198,-0.364,0.064,-1.365,-1.184,0.432,-0.64,0.217,0.12,-0.915,-0.269,-0.913,-0.906,-0.395,1.72,0.185,-0.647,-0.449,-0.051,0.799,0.112,0.137,-0.363,0.671,-1.132,1.326,1.488,-2.046,0.341,0.486,0.325,-1.721,0.282,-1.33,0.509,2.837,1.427,2.418,0.465,1.223,0.432,0.684,-0.155,-0.161,0.009,-0.431,-1.999
"MOU_139",9.76,8.35,0.71,14.28,46.36,0.628,-0.902,0.127,-0.77,1.03,-0.355,1.619,0.378,-0.045,0.335,0.643,-0.457,-0.761,0.235,-1.386,-1.686,1.314,-0.246,1.415,-0.507,0.151,-2.359,1.984,2.162,1.93,-0.609,0.407,-0.671,-1.255,-0.845,0.919,-1.303,-0.447,-0.973,0.562,0.054,-1.47,0.243,-1.412,-0.671,-1.842,-0.34,1.249,0.08,3.527,0.401,0.705,-0.114,-0.048,-0.551,-0.13,0.446,-0.547,0.869,-0.441,0.866,0.888,-0.723,-0.738,2.041,0.419,0.933,-0.376,1.797,-0.199,1.661,-0.89,3.906,0.181,0.321,-0.232,-1.083,-1.193,-0.382,-0.868,-0.897,-0.718,-0.04,0.082,-0.018,-0.494,-0.509,-0.051,0.05,-0.637,-0.511,0.21,0.379,1.912,0.143,2.883,1.026,0.087,0.342,-0.462,-0.339,-0.486,-0.288,0.002,-0.129
"MOU_140",27.31,9.02,0.867,11.48,45.14,0.698,0.431,-0.656,-0.867,0.218,-0.079,1.901,0.008,-0.742,-1.362,2.137,1.006,0.122,1.473,-0.481,2.713,-0.538,0.596,1.116,0.393,-1.144,0.816,0.882,-0.526,1.898,-1.824,-0.547,-0.161,-0.134,-1.885,0.02,0.732,0.671,0.849,1.136,-0.853,0.993,-1.198,-0.413,0.004,0.737,0.246,0.161,0.72,1.093,0.744,-0.991,1.296,-0.288,2.193,-1.175,-0.594,0.533,-1.95,0.962,1.445,0.494,0.044,0.977,0.574,-1.238,0.858,-0.018,1.131,0.918,-0.008,0.492,2.949,0.176,-1.027,-1.247,0.849,-0.699,0.255,-1.059,0.156,-0.387,-0.286,1.903,1.908,-0.737,-0.135,-0.201,-0.687,-0.371,-1.138,0.078,1.021,0.321,-0.322,3.075,-0.363,0.442,1.267,1.035,0.168,0.742,-0.123,0.104,-0.673
"MOU_141",33.22,9.73,0.55,15.26,44.92,-0.496,-0.121,1.812,2.418,0.184,1.197,0.899,1.727,0.332,-0.359,-0.645,0.016,0.823,1.461,1.342,-0.184,-0.032,-0.038,0.413,0.569,-1.526,-1.709,5.015,-0.095,1.545,-1.807,-1.754,0.037,0.845,-1.268,0.905,0.543,1.031,0.129,-0.068,0.159,0.365,2.651,1.001,1.114,0.31,0.45,-0.205,0.318,2.369,0.76,0.015,0.414,-0.568,-1.225,-1.076,0.756,1.088,0.471,-0.68,-0.043,0.348,1.223,-0.24,-0.059,1.301,0.714,-0.036,2.77,0.981,-0.017,-2.153,1.266,-2.071,-0.265,0.061,2.068,0.889,0.634,-0.415,0.692,1.088,0.634,-2.411,-0.875,-0.866,-2.885,1.027,0.028,2.069,-0.191,-1.151,-1.063,-0.436,0.531,1.189,0.703,-0.378,-0.393,-0.178,1.085,1.838,-1.013,-0.824,-0.47
"MOU_142",32,10.02,0.382,14.1,39.09,-0.626,0.209,-0.712,1.747,-2.081,1.73,0.548,0.181,-0.277,-2.067,-0.387,-1.617,-0.188,1.644,-0.008,-1.784,-0.478,-0.317,-0.475,1.099,-0.409,0.289,3.443,0.001,1.327,0.736,-1.053,-0.8,1.378,0.533,0.302,0.785,0.669,-0.681,1.365,0.064,0.624,1.531,-1.831,0.153,-0.276,-1.143,-0.802,1.096,2.299,0.46,-1.484,-0.321,1.077,-0.404,0.444,0.178,-0.98,-0.561,-0.824,0.233,0.419,-0.564,-0.99,0.402,2.032,0.337,1.611,0.017,-0.061,0.875,-0.022,1.577,-0.186,-1.073,0.281,0.036,-0.59,-1.212,-0.064,-1.359,-0.766,0.21,-0.153,0.85,0.724,1.257,-1.621,0.247,-0.487,-0.36,0.462,0.174,-0.009,-0.141,1.181,-0.368,1.258,-0.02,-1.33,1.001,-1.079,0.424,-0.345,1.203
"MOU_143",14.02,7.65,0.485,13.92,40.94,-0.279,-1.122,-0.552,0.103,0.547,-0.813,1.315,0.392,0.884,-0.741,-1,-1.456,0.314,0.23,1.506,1.466,0.557,0.473,0.417,-0.798,-0.344,-0.461,1.463,0.701,2.804,1.598,0.74,0.837,0.674,1.039,-1.452,-0.891,-1.745,1.46,0.812,0.95,-1.665,0.254,0.396,-1.276,-0.071,0.251,0.998,0.533,2.238,0.658,0.174,0.341,0.474,-2.255,-2.01,0.776,-0.359,1.66,0.044,1.853,0.298,0.693,0.019,-0.469,-1.449,-0.42,0.984,-0.368,-0.013,-0.582,-0.002,1.284,-2.393,-0.21,0.677,-1.077,-0.352,-0.552,1.749,1.176,-0.59,0.147,-0.676,-0.65,-0.502,-1.106,1.078,-0.178,0.64,0.032,-2.384,-0.138,0.8,0.791,1.351,1.016,-1.955,0.365,0.418,0.333,0.026,-2.085,0.009,1.172
"MOU_144",5.29,6.64,0.142,8.68,57.52,0.784,0.159,0.218,-0.712,-1.239,-1.811,3.859,0.516,0.755,-0.699,-1.252,0.58,1.379,0.443,-0.299,-0.572,0.154,-0.847,-1.206,1.181,1.701,-0.854,4.014,-0.638,-0.101,-0.546,0.4,-0.521,0.194,1.106,-1.015,-1.152,-1.466,-0.951,2.262,-0.423,-1.137,0.814,1.479,0.732,0.22,-1.747,0.75,-1.017,4.356,-0.357,0.96,0.781,0.644,1.175,-0.184,1.458,0.958,1.07,2.214,0.986,-0.586,0.374,0.077,-0.227,1.616,-0.147,-1.486,0.573,-0.16,-2.002,0.842,3.003,-0.374,2.048,-1.485,-0.064,-1.452,-1.51,-0.154,-1.066,0.523,0.382,0.967,2.009,-0.275,1.133,0.295,-0.817,-1.305,0.628,-1.485,0.318,-0.43,-1.348,1.443,0.837,-0.101,-1.302,0.137,0.372,-0.542,0.361,0.38,0.32
"MOU_145",6.66,6.7,0.375,15.53,49.29,-0.616,-0.05,0.69,-1.568,1.331,0.985,-0.664,1.397,-1.406,-1.107,0.188,-0.803,-1.172,0.395,1.757,-0.219,0.924,-1.261,-0.559,-0.019,0.61,-1.278,2.366,0.391,-0.647,-1.479,-1.143,0.36,2.281,0.207,-0.142,-0.822,-0.128,0.224,-0.939,-0.392,-0.098,0.518,-0.608,1.13,-0.166,0.368,0.436,0.221,3.907,-0.636,-0.077,1.929,-0.879,1.622,1.634,-0.816,-1.059,-0.377,-0.505,-1.034,0.36,1.101,-0.457,-0.354,0.358,0.114,0.125,-0.529,-1.329,-1.845,-0.906,2.943,-0.671,0.83,-0.729,-0.655,-0.289,-0.365,-0.053,0.02,-1.83,-0.363,-0.526,-1.888,-0.697,0.317,0.146,-0.688,-0.367,-0.35,1.282,0.049,0.963,0.923,1.006,-0.139,0.172,0.807,0.403,0.253,0.097,-0.114,-1.871,0.308
"MOU_146",7.6,7.46,0.45,14.58,48.91,1.386,-0.381,0.946,0.647,-0.101,-0.425,1.64,-0.586,-1.398,-0.199,-0.457,-0.825,-0.114,0.094,0.447,-0.654,-0.798,-1.257,-1.759,-0.661,2.666,0.095,1.95,-0.096,1.238,-0.586,-0.517,-0.171,0.243,-0.653,1.267,-0.98,2.012,0.374,0.016,-1.159,1.085,0.784,-0.98,1.036,0.707,-1.778,0.404,1.875,4.168,-0.089,0.292,0.295,-0.895,-0.541,0.734,0.301,2.315,0.567,0.894,-0.772,-0.776,1.118,-0.177,-0.124,0.007,1.129,-0.843,0.658,1.279,-1.137,0.149,3.351,1.244,-0.534,0.08,-0.2,1.652,-0.843,-0.073,1.029,0.623,-1.199,-0.638,0.832,0.527,-0.296,-0.182,-0.169,-0.793,-0.648,1.804,-0.742,-0.681,-0.032,3.015,-0.86,-2.171,0.571,0.001,-0.536,1.681,0.156,1.037,-0.294
"MOU_147",26.99,9.91,0.211,11.18,31.37,0.329,-0.252,-1.267,-0.136,0.825,-0.809,1.732,-0.107,-0.685,1.44,0.586,0.117,0.004,-0.15,1.561,-0.223,0.955,0.559,-0.261,-1.998,-0.364,-0.727,1.149,0.711,-0.286,0.553,-1.396,0.012,-1.896,0.166,1.29,0.497,0.356,1.475,0.458,-2.161,-1.735,1.092,-0.568,-0.752,-0.119,-0.586,-1.008,1.141,1.3,0.615,-0.646,-1.364,-1.055,1.277,0.956,-1.678,0.977,0.349,0.661,1.732,-0.245,0.953,-0.031,-0.314,-1.362,-2.095,-0.937,-2.159,-0.98,-0.068,0.723,0.596,0.111,2.271,-0.02,0.002,-1.262,-1.326,1.047,0.271,0.813,-1.792,1.352,-1.1,-1.009,-0.352,0.331,-0.739,0.964,-0.477,-0.181,-0.759,-1.911,0.926,1.783,0.288,-1.413,-1.12,1.9,-0.756,-0.357,-1.456,-0.816,-0.361
"MOU_148",12.54,6.94,0.141,9.15,60.66,-0.118,0.426,-0.581,1.046,-1.729,0.412,3.429,0.974,-0.004,0.105,-0.713,-1.847,0.06,-1.285,1.3,-0.818,-0.13,-0.218,-0.343,-1.605,0.814,0.917,2.117,0.149,0.196,-0.823,0.389,0.111,-0.83,1.073,-0.452,1.208,-0.071,0.202,-0.483,1.178,0.783,0.026,0.338,0.046,0.155,-0.273,-0.031,-0.045,3.349,-0.739,0.278,-1.203,-0.208,-0.233,-0.672,0.478,0.008,-0.975,-0.299,0.588,-0.949,2.424,0.464,0.229,-0.549,-0.148,1.074,0.343,0.918,-1.786,0.249,2.725,-0.968,1.743,1.332,-0.908,1.133,1.598,1.303,-1.469,0.81,0,-1.059,2.446,1.673,1.386,-0.278,-0.103,1.681,0.533,-0.194,0.997,-0.064,-0.569,2.942,-0.467,1.308,-0.673,2.096,0.361,-0.175,0.185,0.11,1.164
"MOU_149",28.9,9.84,0.277,12.41,48.91,-0.175,1.365,-0.191,2.074,1.088,-1.075,3.394,0.297,0.753,0.113,-0.179,0.716,0.18,-1.707,-0.155,0.728,0.023,-0.743,0.327,1.545,0.822,0.183,1.827,0.41,1.235,-0.343,-0.03,-0.408,-0.268,-0.898,-1.217,-0.021,-0.379,0.419,0.564,0.227,1.278,0.061,-0.298,1.447,-1.175,0.112,-0.678,0.205,0.962,0.968,-1.72,-1.184,-0.584,0.508,-0.931,-0.517,-0.931,0.157,1.525,-0.931,0.109,-0.621,-1.258,-0.489,-1.535,-0.812,-0.466,-1.61,0.334,-0.17,-0.831,1.739,0.705,0.823,-0.471,-0.187,0.297,-0.747,-0.583,-0.787,1.709,-0.206,0.717,1.21,0.048,-1.135,0.55,0.032,-0.153,-0.639,-0.2,-0.115,-0.921,0.507,3.482,-0.468,0.214,1.1,-0.896,0.127,0.315,0.245,0.099,1.905
"MOU_150",34.28,9.65,0.971,8.74,50.1,-0.933,-0.592,0.483,0.745,-1.567,0.181,3.33,1.84,0.037,0.442,0.748,-0.936,1.522,-0.711,1.029,-0.337,-0.541,-0.619,-0.98,-0.29,0.584,0.492,1.37,-0.923,0.515,-0.488,0.094,-0.1,1.007,-1.172,-0.361,-0.45,-0.552,-0.265,-0.016,0.907,2.262,-0.687,-1.142,-0.983,0.314,1.161,1.034,1.702,2.655,1.775,-1.257,1.275,-0.36,0.891,-0.518,0.097,1.122,0.789,-0.746,-0.666,0.049,2.354,-1,-2.199,0.607,0.121,-0.384,0.301,0.722,0.382,-0.07,3.659,0.834,-0.245,0.969,0.582,-1.288,0.772,0.771,0.401,-1.194,1.864,0.907,-0.742,-1.059,0.607,0.223,0.75,-0.474,-0.63,0.956,0.157,-0.677,-2.138,2.143,0.457,-0.044,0.13,-0.384,-1.579,1.26,-0.344,-0.901,0.365
"MOU_151",6.18,7.46,0.35,13.69,59.74,2.809,0.044,-0.343,-1.554,1.178,1.78,3.42,1.025,-1.546,-0.677,0.914,-1.414,1.594,-1.182,-0.064,0.628,-0.162,-0.061,-0.024,-0.197,-0.125,-0.427,0.929,0.211,-2.215,0.776,0.389,-0.181,0.906,0.446,-0.619,-2.732,0.003,-0.912,1.766,-0.893,-0.38,-0.586,1.308,0.485,-0.348,1.423,-0.329,-1.475,2.978,0.173,-1.035,-1.078,-1.711,1.065,0.703,0.066,-0.366,-0.482,0.601,-1.655,0.493,0.557,0.912,-1.818,-0.386,1.077,1.299,0.07,0.252,0.13,0.284,1.786,0.085,0.663,0.311,-0.219,0.279,-0.005,0.54,-1.426,0.926,-0.701,-1.71,0.351,-0.282,0.711,-0.552,1.014,-0.002,-0.971,-1.709,1.821,-0.798,-1.283,1.355,-0.612,0.165,-0.408,-0.409,-0.587,-0.331,0.113,-0.362,-0.182
"MOU_152",7.61,6.64,0.796,10.73,48.86,0.032,0.169,-0.817,-1.905,0.787,0.799,2.916,-0.384,1.155,-0.402,-1.488,1.12,-0.173,2.882,1.259,0.601,-0.054,-2.074,-0.56,-1.922,-0.632,-1.074,3.274,-0.423,0.168,0.732,-0.909,0.594,1.022,0.85,1.889,0.134,-1.411,-0.746,-1.237,1.237,0.479,1.291,-1.105,-0.333,0.006,-0.779,-0.196,-0.456,1.98,-1.496,-0.841,0.57,-0.872,-0.139,-0.026,0.886,-0.367,0.644,-0.074,-0.799,-1.714,-0.57,0.975,0.141,-2.098,1.02,-1.101,0.761,-0.661,-1.73,-1.843,5.139,0.333,-1.035,-0.308,-0.766,0.57,-0.536,-1.342,-0.394,-0.024,-1.967,1.327,1.577,-0.298,2.004,-0.255,0.373,0.021,0.192,0.523,0.163,0.163,0.104,0.708,0.694,0.516,-0.629,-0.855,0.88,-0.34,-1.18,0.608,-0.435
"MOU_153",20.42,8.66,0.146,8.9,28.15,0.622,-0.302,-1.231,0.705,-0.96,-0.894,2.529,-0.21,-1.246,1.294,0.651,0.625,-0.778,0.849,-0.01,-0.003,1.777,-0.677,0.039,0.597,0.537,0.012,1.697,0.152,1.133,-1.911,-0.916,0.853,-1.528,0.654,-1.375,-0.612,-1.774,0.327,1.546,-0.85,0.07,1.681,0.143,-0.777,-0.751,0.07,-1.193,0.571,0.625,-0.013,0.579,-1.386,0.521,-0.943,0.302,0.002,0.099,0.688,-0.117,-0.954,-0.389,-1.604,-0.394,-0.581,1.181,1.537,-1.707,-0.841,-0.059,-1.081,-1.725,-0.038,0.015,-0.348,1.302,-1.397,1.521,0.736,-0.623,-0.357,1.672,0.295,-0.407,-0.892,0.41,-0.192,-0.071,-1.935,0.8,0.535,1.43,0.751,-0.419,0.601,1.508,0.597,1.055,-0.376,2.459,-1.675,1.474,0.913,-1.238,0.15
"MOU_154",12.32,8.07,0.927,9.46,48.83,0.8,-0.95,0.659,0.677,0.148,0.299,4.18,0.238,-0.825,1.291,-0.01,0.074,0.072,1.264,-0.054,-1.351,0.371,0.625,-0.656,-0.883,0.031,-0.822,2.732,-0.115,0.581,0.668,0.949,0.953,0.292,0.242,-1.539,-0.918,-0.804,1.125,-0.233,0.211,-0.025,-0.549,0.394,-0.352,0.566,1.759,1.117,0.713,1.77,-0.357,0.889,-0.003,0.54,-0.399,-0.838,0.188,-2.409,1.296,0.999,-0.491,-0.158,1.357,0.34,-0.003,0.947,-0.084,1.442,0.477,-0.366,-1.937,-1.439,4.089,-1.419,-0.027,1.446,-0.225,1.767,0.523,1.268,-1.594,0.707,-0.767,1.347,-0.516,0.602,-0.695,1.001,-0.844,-0.347,-0.777,0.612,0.674,-0.022,-0.173,0.389,-0.436,0.201,0.384,0.12,0.973,-1.183,0.151,0.787,-0.719
"MOU_155",18.66,8.26,0.376,14.23,61.2,2.278,-0.598,0.169,-1.312,1.764,0.019,1.854,-0.776,1.133,1.931,2.049,0.103,0.892,1.345,1.399,0.665,0.393,-1.044,-0.488,1.806,1.604,-1.54,1.915,1.743,-0.468,0.85,-1.252,-0.751,0.154,-0.321,-0.325,-0.018,-0.392,0.122,-0.287,0.05,0.457,-0.408,-0.877,-0.062,-0.921,-0.784,0.417,-0.727,1.377,0.529,-0.204,-0.645,-0.399,-0.731,-0.997,-0.452,0.715,-0.709,0.526,-0.584,-0.677,2.122,-0.235,-0.744,0.106,-1.212,0.203,0.435,-0.277,1.741,-0.973,3.059,0.304,-0.633,0.611,0.176,0.615,0.142,-0.026,0.212,-0.946,0.03,0.673,1.566,-0.329,-1.262,-0.581,0.677,1.887,0.903,0.412,0.311,0.859,0.423,2.059,-0.725,0.407,-0.702,0.584,0.677,0.662,0.102,1.518,0.252
"MOU_156",34.45,10.67,0.429,14.12,45.78,0.524,-0.239,-0.884,-0.304,0.001,2.034,2.423,0.546,1.184,-0.696,1.249,-0.238,0.332,-1.633,0.152,-0.495,-0.036,-0.4,1.661,-0.09,-0.152,0.663,5.085,-0.284,0.002,-0.156,0.537,1.704,-1.22,-1.069,-2.042,1.046,0.2,-0.215,1.018,0.866,-0.722,-0.44,0.36,-0.878,1.442,-0.19,-0.309,-1.032,1.769,-0.783,0.02,0.054,0.321,0.676,0.17,0.169,-0.114,-1.011,0.161,-0.555,-0.896,0.084,-0.624,-0.941,1.483,0.837,-0.008,0.259,0.232,-0.949,0.016,2.082,0.662,-0.792,1.494,0.102,-0.019,-1.459,-0.597,0.44,-0.061,1.162,0.069,-2.081,1.298,2.287,-0.427,0.114,-0.591,0.337,-0.641,-0.748,1.42,-0.483,0.77,-0.042,-0.276,1.056,1.413,-0.55,-0.332,0.76,0.66,-0.275
"MOU_157",25.91,8.25,0.568,15.5,66.04,-1.694,0.145,-0.488,1.062,-1.943,-1.223,2.499,-1.513,-1.33,0.104,-1.864,-1.25,0.952,-0.435,-0.206,1.872,-2.392,0.583,-0.989,-1.493,1.234,0.877,2.096,0.056,-2.012,0.7,0.012,1.216,1.062,-0.505,-0.413,-0.491,-1.044,-1.152,0.105,0.983,0.19,-1.554,0.335,1.013,-0.183,-0.544,-0.693,-0.632,2.381,-0.69,2.044,0.489,-0.582,0.251,0.475,1.418,-0.436,-0.151,-0.707,0.614,-0.41,-0.151,-1.989,-1.212,0.325,0.439,-0.568,-1.295,-1.133,1.412,-1.269,3.425,-2.114,-0.252,-0.558,-1.049,1.289,1.386,-0.644,3.543,-1.725,-0.681,-0.885,0.34,0.43,-1.972,-1.036,-0.35,0.414,-0.238,0.066,-0.337,-0.433,-0.953,6.156,0.25,0.43,0.888,-0.404,-0.011,-0.405,0.081,0.512,-0.019
"MOU_158",28.84,9.24,0.989,6.95,65.49,-0.153,1.729,-1.272,0.358,0.845,-1.734,2.085,-1.452,-0.814,-0.43,-2.765,-1.249,1.34,1.708,0.536,1.556,-0.28,-2.3,0.732,2.258,-0.233,-0.923,3.722,-0.356,0.017,1.145,0.971,0.71,-1.645,-2.504,-0.062,0.084,-0.305,-0.744,0.927,1.088,-1.183,1.261,0.59,0.318,0.427,-1.664,1.574,1.399,2.21,-0.321,-0.15,-0.262,-0.534,-0.421,-0.38,-1.801,-2.124,1.479,1.534,-0.597,-0.157,1.201,-0.345,-0.685,-0.517,0.087,1.013,0.062,-0.337,-1.301,1.722,2.707,-1.227,0.488,1.09,-0.305,-0.122,0.112,-0.463,0.743,0.626,-0.562,0.458,1.027,0.578,-0.698,0.165,-0.608,0.344,-0.141,-2.275,-0.673,0.8,0.116,5.311,1.035,-0.196,1.241,1.759,-1.138,0.362,0.444,-0.727,-0.128
"MOU_159",18.53,7.9,0.212,10.03,54.26,-2.31,-1.873,1.279,1.061,-0.332,-1.264,2.824,-0.498,1.696,0.72,-0.007,2.437,-1.017,-0.35,1.453,1.873,0.134,-0.804,-0.433,-0.649,-0.785,1.163,2.273,-0.037,-1.542,1.074,0.638,-0.449,1.386,-0.049,0.27,-1.01,1.467,0.268,-0.472,0.536,-1.452,-0.532,-0.766,-0.502,2.607,0.309,1.188,-1.044,2.718,0.633,-0.413,0.226,0.02,0.628,1.374,-0.518,-0.241,1.604,-0.51,-0.895,-2.211,-0.731,-1.76,-0.616,-1.933,-1.09,-0.099,0.188,0.554,0.114,-0.289,4.014,-0.691,0.239,1.342,-2.107,0.574,-0.05,-0.446,0.97,1.083,1.414,-0.216,-0.269,-0.95,2.292,-0.112,0.9,0.363,-0.441,0.461,-0.273,2.327,1.843,2.399,0.706,0.114,-1.226,-0.641,1.38,-0.195,0.334,1.681,-1.027
"MOU_160",17.89,9.3,0.349,13.43,52.97,-0.062,0.001,0.131,1.212,0.465,0.158,3.22,-0.149,-0.385,-0.707,0.175,-0.906,-0.738,-0.965,0.71,-0.379,1.784,0.997,1.246,-0.746,-0.212,1.511,1.2,1.133,2.278,1.625,1.087,0.035,-1.399,0.51,-0.974,-0.418,0.413,-1.557,0.523,0.049,-1.248,-1.834,-0.408,-0.265,-0.433,1.261,0.471,-2.241,4.081,0.214,1.26,0.429,-0.606,0.509,0.742,1.026,1.7,0.028,0.133,-0.155,0.784,-1.683,-0.501,0.96,0.074,0.523,-0.929,0.107,0.994,-0.95,1.359,3.18,-0.159,-0.108,0.247,-0.565,-2.269,-0.646,-0.957,-0.977,-1.302,0.688,0.239,-0.632,2.088,-1.789,-0.494,-0.549,-0.68,-1,-0.684,-0.149,-0.303,0.897,3.288,0.352,0.689,0.239,-0.465,1.359,-0.164,-1.194,-0.751,-1.564
"MOU_161",31.89,9.92,0.523,14.19,52.27,-0.527,1.503,1.298,0.047,0.879,1.946,1.662,-0.133,0.305,0.041,0.992,0.561,1.802,-1.536,-0.255,0.032,-0.133,1.112,-2.05,0.098,-0.825,1.872,3.359,1.807,-1.399,-0.529,-0.07,-0.067,-1.18,0.923,-0.151,0.37,-0.63,1.386,-0.04,0.313,0.972,0.543,-0.559,1.495,-0.813,-0.933,-1.761,1.027,3.373,2.487,-0.244,0.11,0.256,0.19,-0.07,-0.069,0.291,0.509,-0.688,-0.363,0.185,-1.751,0.397,-0.07,-1.814,0.099,-0.326,-1.324,0.068,-0.583,1.241,1.392,-1.591,0.106,-0.159,-0.288,0.265,-1.994,0.879,-0.102,-1.729,1.776,-0.227,0.914,1.075,0.293,0.837,-0.676,-0.254,-1,-1.041,-0.564,-0.165,1.996,0.556,1.335,1.09,0.697,-1.205,-0.288,-1.845,-0.947,0.355,0.983
"MOU_162",21.57,8.78,0.912,9.09,59.75,0.361,1.472,-0.004,-0.179,0.119,-0.67,3.002,-0.374,-1.487,-0.068,0.966,0.575,0.893,-0.192,0.223,0.595,-0.359,0.766,0.223,-0.857,0.15,0.23,2.4,1.131,0.221,-0.175,-1.076,-0.223,0.576,1.273,-1.829,-0.077,2.895,0.433,1.03,0.232,-1.912,-0.415,1.394,1.177,-0.015,1.049,1.852,1.484,5.424,0.699,-1.901,-1.474,-0.575,0.657,-0.752,-0.806,0.46,-0.372,0.545,1.593,-1.56,0.827,-0.29,0.836,-1.558,-1.466,-0.689,-0.798,-0.841,0.323,-0.086,3.451,0.475,0.683,1.31,1.443,0.346,0.551,0.45,-0.042,0.053,0.662,-0.49,-1.174,-1.252,2.487,-1.971,-1.25,0.418,1.148,-0.514,-0.485,-0.034,1.153,2.775,-2.441,1.097,-0.431,0.519,0.769,0.305,-0.634,-1.139,0.901
"MOU_163",3.19,6.61,0.396,13.5,38.37,2.426,2.16,-1.732,0.712,-1.746,-0.846,0.474,-0.849,-0.818,-1.086,0.024,-0.386,0.906,-1.148,-0.946,-0.205,-2.158,-1.037,0.37,-1.101,0.51,-1.023,1.671,0.531,-0.132,1.249,0.414,0.835,-1.28,-0.496,-0.988,0.401,-0.164,0.026,-0.632,0.219,1.384,0.705,-0.81,1.042,0.504,-0.575,0.066,-0.014,2.689,-2.151,0.694,0.366,0.709,-0.079,-0.074,0.71,0.286,-0.811,0.817,-0.287,-0.368,1.752,0.501,0.477,0.959,0.626,-0.013,-2.043,-0.761,-1.256,-0.568,2.907,1.102,-1.608,0.335,1.809,0.969,-0.675,0.669,-1.561,1.238,-0.329,0.248,0.635,-0.5,0.624,0.407,-1.567,0.654,1.898,1.651,-0.475,1.289,-1.061,1.446,1.93,-2.311,0.026,-1.526,0.684,-1.295,-0.183,2.145,-0.003
"MOU_164",7.47,7.26,0.522,15.01,52.25,-0.464,0.223,0.777,-0.919,0.652,-0.533,2.406,0.22,-0.709,-0.846,-1.104,0.898,0.024,1.945,-2.648,0.493,-0.197,-0.997,1.267,0.401,-1.17,-0.832,2.033,-1.159,-0.087,1.393,2.514,-1.065,-0.727,0.336,0.203,1.703,-0.746,0.502,-0.955,0.616,-0.767,-2.171,-0.349,-0.605,0.076,0.628,0.313,1.748,3.081,-1.613,1.076,0.219,2.055,-1.604,-0.362,-0.017,0.928,-0.156,0.201,-0.012,-1.433,-0.182,-0.431,0.782,0.144,-0.097,-0.126,0.176,-0.819,0.979,-1.875,1.9,-0.105,0.78,-0.633,0.375,0.34,-0.156,1.052,1.136,1.281,0.892,-1.055,-1.214,0.097,0.511,-0.89,-0.831,-0.333,1.571,0.817,1.58,-1.709,-0.251,2.602,0.016,-1.316,0.041,1.166,-1.478,-0.018,-0.784,-0.361,0.98
"MOU_165",31.09,9.76,0.29,13.52,45.12,0.083,-1.136,-1.973,-0.531,-0.451,-0.773,1.687,-0.805,-0.344,-1.48,-1.758,-1.713,-1.638,0.223,-1.935,0.122,1.247,-0.388,-0.977,1.42,-0.337,0.656,2.58,0.281,-1.204,-1.467,1.356,-1.751,-0.51,0.933,-0.257,0.329,-1.822,0.141,-0.218,1.362,0.768,-0.224,0.508,-0.71,-0.709,-0.224,2.191,1.315,2.621,2.912,-0.807,0.503,-0.644,-1.825,2.649,-1.728,-0.426,-0.55,-1.416,2.961,-0.113,0.661,-1.942,-1.539,0.536,-0.049,1.497,-1.094,0.686,0.217,0.914,3.06,-1.258,0.435,-0.081,0.48,0.417,-0.591,0.585,-0.004,-1.425,2.005,-1.486,-0.529,1.418,-0.733,0.773,-1.987,0.141,0.82,1.495,0.545,-0.618,0.179,1.703,-0.078,0.779,0.28,-1.151,0.368,-1.013,0.882,-0.167,-0.539
"MOU_166",15.76,8.44,0.377,12.76,54.3,0.165,0.069,-2.469,-0.027,1.168,-0.359,1.441,0.541,-1.218,-0.171,-1.235,-0.131,0.722,1.565,-0.135,-0.944,-0.122,-0.624,-1.715,0.032,-1.097,0.228,3.601,0.532,1.48,0.376,-0.331,-0.699,-0.836,0.581,1.152,-0.341,-0.288,-2.208,-0.064,0.807,0.912,-0.994,-0.474,-0.052,-0.023,-0.201,-1.462,1.671,2.79,1.094,0.136,-0.266,-1.407,0.941,-1.054,-0.333,-0.373,-0.336,-1.135,-1.4,-0.977,-0.817,1.154,2.659,-0.994,-0.45,1.372,1.836,0.558,1.048,-1.111,1.457,0.76,1.663,-0.528,-1.171,0.388,-0.729,0.089,0.692,0.886,2.347,-0.528,-3.586,0.469,-1.725,2.258,0.317,-1.188,0.282,1.637,-0.342,-1.179,0.621,2.49,-1.331,-0.578,-0.809,0.824,0.353,1.875,-0.059,-1.337,-1.301
"MOU_167",26.51,8.65,0.825,13.55,66.87,-2.315,0.178,-0.055,0.051,0.022,0.07,3.49,1.29,-1.158,0.606,0.678,-0.376,0.811,0.815,0.29,-0.658,0.783,-0.054,-0.604,1.053,-1.191,0.427,3.902,0.464,1.043,0.284,-0.42,-0.131,-1.223,1.093,-1.173,-0.065,1.658,0.638,1.129,-0.818,-0.726,0.255,-1.205,-0.281,0.18,-0.968,0.225,-1.015,1.754,-1.074,-0.653,-0.884,-2.03,-0.389,0.765,1.935,1.159,0.376,-0.132,-0.273,-0.706,-0.468,-0.256,0.832,0.688,0.942,-0.169,0.118,1.287,-0.235,-1.467,3.054,-0.239,0.462,-0.516,-0.626,0.869,-1.472,1.231,0.856,-0.679,0.261,1.644,0.961,1.657,0.506,0.275,0.451,2.045,0.477,-0.295,1.604,-1.864,-0.821,1.753,0.463,-1.007,-0.35,-0.602,-0.416,-0.245,-0.408,-0.733,2.177
"MOU_168",2.89,6.24,0.364,13.48,47.5,0.117,-0.331,-0.351,-0.658,0.953,0.248,3.189,0.23,0.518,1.042,-0.843,-0.552,-0.296,0.531,-0.336,0.571,1.106,-0.382,-0.055,-0.087,-1.49,-1.915,1.401,-0.049,-1.55,0.249,0.326,0.18,1.341,-1.861,0.154,-0.286,0.222,0.193,-0.407,1.158,-0.522,0.964,-2.513,-0.183,0.003,0.192,0.928,0.456,0.562,-0.814,-1.191,-0.722,1.681,-0.651,-0.642,1.135,-0.597,0.773,-0.41,-0.275,-0.406,-1.177,0.572,-2.067,0.523,-0.325,-0.778,0.617,0.884,-0.273,-0.751,2.965,-0.044,0.465,-0.645,-1.258,-1.508,-0.091,-1.857,0.884,-0.738,0.084,0.415,0.163,0.934,0.009,1.707,0.151,-0.852,-0.934,1.156,0.353,-1.246,-0.969,3.608,-1.385,-0.29,1.592,-0.964,-0.296,0.873,1.604,-1.142,0.089
"MOU_169",24.05,8.08,0.639,14.48,52.51,0.248,-0.63,0.486,-0.51,1.216,-0.616,2.136,0.716,-0.044,0.744,-0.483,-0.66,1.903,-0.357,2.088,1.093,-0.475,0.364,-0.126,-0.741,-0.235,1.491,1.395,-2.165,-0.517,0.807,-0.057,-1.19,-2.546,-1.981,-0.107,0.375,-0.3,-0.173,-1.661,-1.728,0.199,-0.982,2.022,-0.451,0.396,-0.384,-0.511,0.834,2.311,0.498,-1.221,1.074,-0.648,-0.318,0.824,-1.676,0.952,-1.163,0.245,2.44,0.1,0.484,0.842,-1.681,1.352,1.925,-0.162,-1.293,1.82,-2.284,0.142,2.673,-1.677,0.458,-0.943,-0.12,0.149,-0.076,-0.58,0.758,-0.458,-1.845,0.422,-0.47,0.777,-1.246,0.472,-1.28,1.367,1.492,-1.052,0.275,-1.29,1.13,3.304,-0.889,0.282,1.411,1.345,0.278,-1.012,2.069,-0.443,0.932
"MOU_170",9.92,6.86,0.196,9.58,40.33,-0.886,0.048,-1.546,-0.209,0.068,-0.407,0.562,1.644,0.094,-0.12,0.426,0.41,-0.106,-0.773,0.33,1.01,-1.698,0.235,0.159,-2.323,-1.061,1.11,1.909,-0.174,0.371,1.66,1.109,0.741,0.581,0.409,-1.36,0.68,-2.283,1.346,1.27,-0.073,-0.286,-0.018,-0.288,-0.288,1.667,0.945,-0.126,-0.187,3.51,0.105,0.529,-0.809,1.584,-1.789,2.264,-1.711,-1.386,-0.014,0.728,1.389,0.073,-1.619,-1.418,1.581,0.885,0.314,-1.991,-0.438,-0.45,-0.496,-0.376,2.896,-1.049,0.622,-1.498,0.708,-0.316,-0.015,-0.829,1.142,1.731,-1.816,0.336,-1.087,-0.694,-1.622,0.603,0.793,-1.016,0.482,-0.26,1.332,1.206,-0.651,2.654,1.804,-0.211,-0.952,-0.853,-0.15,0.848,0.355,0.717,-0.146
"MOU_171",30.28,10.1,0.847,11.09,38.78,0.57,0.161,1.651,-0.715,0.653,1.692,2.989,0.539,0.443,0.671,-0.561,0.448,0.879,0.252,0.521,0.792,0.172,-2.814,-0.819,1.936,-0.999,1.672,1.962,2.276,0.292,-0.787,0.074,-0.031,-0.589,0.589,-0.806,0.428,0.996,1.901,-2.935,-1.499,-2.04,-0.301,0.024,0.988,-0.487,-0.852,0.675,-1.754,1.593,1.496,-0.306,-0.687,0.493,-2.019,0.922,-1.247,-0.289,1.102,1.64,-0.392,0.415,-1.599,-1.271,-0.653,0.216,0.611,-0.999,1.807,-1.399,0.057,0.853,1.98,-1.412,0.301,0.178,1.343,-0.256,-0.803,-1.415,-1.062,0.548,-1.148,-0.345,1.46,0.423,0.3,-0.208,0.182,-1.384,1.486,-0.657,-1.19,-0.866,-0.68,1.475,0.136,-2.294,-0.159,-1.364,0.025,-0.104,0.089,0.995,0.971
"MOU_172",20.54,8.01,0.86,12.78,58.99,1.308,-1.398,0.117,0.577,-1.713,-0.453,4.049,-0.407,-0.006,-0.89,-0.422,0.688,-0.975,0.905,0.556,-0.789,-0.364,-0.131,-2.081,-0.143,0.902,1.549,3.303,-0.289,-0.788,0.089,-1.663,1.237,1.261,0.566,1.083,-0.088,-0.809,-0.43,-2.656,0.059,1.495,0.555,1.478,0.49,0.669,0.532,-0.836,-0.562,2.547,0.08,0.911,-1.625,0.788,0.184,1.204,0.061,1.373,0.622,-0.883,0.29,0.598,0.148,0.989,0.974,0.012,-0.576,-1.952,-0.617,-0.63,-0.373,1.881,1.256,0.161,0.248,0.005,0.908,0.166,-1.604,-0.63,-0.707,0.612,-1.172,-0.676,-1.691,0.172,-1.173,0.248,-0.014,-1.322,-0.198,0.663,-0.263,-0.801,1.075,4.382,-0.24,-0.592,-2.057,-1.253,-0.183,0.035,0.921,0.834,-0.448
"MOU_173",20.46,8.57,0.578,14.23,38.7,0.254,-0.496,2.322,0.278,0.052,0.75,3.181,-0.431,-1.695,1.495,0.197,-1.589,-0.542,0.068,0.186,-0.963,0.332,-1.096,-1.36,0.32,0.39,-0.487,-0.219,2.043,-0.016,1.066,-1.006,1.181,0.604,-0.01,-0.669,-1.459,-0.123,-0.557,0.095,-0.853,0.808,0.758,-0.187,-0.375,-1.164,-0.996,1.041,0.982,1.173,-0.29,0.43,-1.201,-1.282,1.471,1.491,1.73,-0.348,-1.316,-0.543,-1.203,0.004,0.144,2.379,-1.152,-0.224,1.775,1.599,0.247,-0.348,-2.252,-0.854,2.922,-0.891,-1.538,0.566,-0.545,0.14,0.823,1.844,0.006,1.023,-2.127,-0.781,-1.237,-0.626,-0.119,-0.168,0.368,0.035,1.466,-0.962,-0.666,-0.128,-0.085,1.649,-0.569,0.469,0.412,0.412,-1.457,-0.513,0.713,-0.492,0.043
"MOU_174",16.29,7.86,0.631,13.65,40.11,-0.036,-2.126,0.184,0.354,0.576,-0.538,1.483,-0.514,1.054,-1.888,0.767,2.041,0.49,0.547,-1.62,0.598,0.106,-0.82,-1.017,0.597,1.713,-1.134,0.268,-0.783,1.381,1.449,1.2,-1.181,0.19,-0.964,-0.588,0.132,-1.787,1.263,-1.99,-0.265,1.528,-0.083,-2.059,-0.252,-1.414,0.061,0.224,1.817,1.813,0.163,0.479,1.336,-0.297,-1.776,-1.239,0.38,-0.845,0.392,-0.386,1.106,0.342,1.123,0.151,0.186,-1.6,0.434,0.973,-0.447,-1.549,-0.783,-0.194,1.587,-0.809,-1.688,0.441,-0.379,1.293,-0.212,-0.845,-0.216,0.219,0.392,0.188,0.437,0.404,2.117,-1.181,1.093,0.702,1.133,-1.432,-1.224,1.443,0.59,1.085,-0.636,-0.272,-1.357,0.112,2.43,0.322,-1.342,-1.296,-0.332
"MOU_175",29.36,9.09,0.991,7.81,47.27,0.565,0.662,0.825,0.914,-0.057,-0.772,3.072,0.565,1.64,-0.312,-1.248,-0.693,0.406,-0.402,-0.441,-1.109,-0.733,1.262,-0.11,1.842,2.749,-0.872,1.359,0.001,0.038,-0.743,-0.535,-1.562,0.759,1.73,1.658,-0.626,-0.059,1.437,1.564,-0.503,-0.269,0.749,0.698,1.903,-0.766,0.908,0.647,0.558,4.286,-1.429,-0.096,0.612,0.562,-1.293,1.246,-1.978,0.532,-0.249,-1.053,0.412,1.246,1.862,0.277,0.633,0.375,-0.04,-0.013,-1.983,-1.797,-1.905,0.776,3.074,1.605,-1.077,0.602,2.64,-0.725,0.259,1.562,0.89,-1.241,-1.128,0.047,-0.972,-2.479,0.932,-0.204,2.556,1.796,0.602,0.454,0.074,0.146,-1.408,4.447,0.575,-2.188,0.546,1.418,-1.679,-0.311,0.83,0.2,-1.831
"MOU_176",7.84,7.47,0.27,11.54,54.77,0.024,-0.135,2.06,-0.873,-1.555,0.933,1.547,0.624,0.916,-0.542,-0.747,-0.048,0.637,-1.622,0.774,-0.979,-0.624,-0.284,0.586,-1.58,0.889,0.593,2.725,-0.625,0.21,0.057,0.835,-0.239,-1.634,1.287,0.43,1.734,1.044,-0.159,0.193,0.163,0.751,1.161,0.221,0.787,-0.777,-0.982,-1.501,0.186,3.559,0.944,-0.683,-0.172,-0.465,-1.517,-0.302,-1.322,-0.112,0.546,-1.748,-2.059,-0.036,-2.82,-0.242,-1.473,0.68,1.866,0.991,-0.034,-0.061,-0.158,-1.021,2.301,0.935,-0.043,0.584,0.505,-0.064,0.161,1.351,-1.354,-1.001,0.834,-0.149,0.035,0.014,-0.796,-0.381,0.543,1.486,1.974,0.704,-0.51,0.366,0.009,2.745,0.178,0.695,0.955,-0.465,-1.257,-0.049,-0.359,0.213,-1.198
"MOU_177",28.95,8.86,0.767,14.26,75.15,0.968,1.684,-0.065,1.964,-1.501,-0.607,5.567,-2.156,0.758,0.541,-1.44,-0.267,0.499,-0.383,1.864,-1.032,0.372,0.585,0.299,-1.531,1.346,-1.13,4.255,-0.074,0.237,1.094,0.629,0.367,-0.439,1.057,-0.092,-1.361,0.664,0.14,0.357,1.019,0.638,0.8,1.288,0.367,1.635,0.137,-0.905,-0.39,4.668,3.048,0.712,-0.034,-0.533,-0.816,-0.884,0.333,-1.051,0.183,-1.704,-0.003,0.231,-0.982,1.313,0.834,-1.376,-0.39,-0.001,-0.668,-0.832,-1.327,-1.215,3.437,-0.324,-0.429,-1.399,0.332,1.256,2.37,-0.162,-0.519,-0.657,-0.778,-0.699,-1.945,0.841,-1.602,-0.24,0.91,0.485,-0.149,-0.687,0.064,1.201,0.991,3.331,1.333,-0.912,1.584,1.11,0.208,0.524,-1.124,0.988,-1.92
"MOU_178",17.68,8.55,0.297,12.25,51.82,-0.939,-0.52,0.224,-1.695,0.503,-1.346,3.974,-0.411,-0.732,-0.956,0.144,-0.181,-1.979,1.051,-0.741,1.456,1.945,-0.04,0.696,0.101,-0.695,-1.991,3.353,0.406,-0.079,-0.128,-1.801,-0.548,-0.427,-0.556,0.189,0.155,-1.062,0.518,-0.926,-1.023,-1.238,-0.166,-0.105,0.6,0.189,1.244,0.424,-0.17,1.234,0.294,1.893,-0.252,1.143,-0.051,-0.303,0.634,-1.17,0.59,1.384,-0.343,0.948,-0.164,0.923,-2.165,0.36,0.42,-0.758,0.233,0.118,-0.573,-0.376,2.833,-0.496,-1.363,0.634,-0.228,0.116,0.674,-0.602,0.459,0.391,1.929,-1.23,0.431,1.357,1.183,1.104,-0.235,-0.069,-0.454,-0.72,-0.415,1.953,0.217,0.72,0.978,0.486,-0.315,-0.46,-1.041,0.685,1.627,-0.723,-1.069
"MOU_179",4.98,5.92,0.746,14.55,46.22,-0.906,0.85,-0.593,0.169,0.588,-1.494,2.225,0.058,0.617,-0.298,-0.582,-0.172,-1.979,1.11,-0.609,-1.643,-0.024,0.233,-1.202,1.321,-1.982,0.049,1.718,-0.292,1.157,0.709,1.148,-0.392,-1.723,-0.686,0.78,0.879,-0.076,0.576,-0.343,0.603,0.191,-0.297,-0.104,0.151,0.02,0.877,0.924,0.781,2.816,0.231,-1.28,0.034,-0.688,1.375,1.369,0.688,0.805,1.945,0.829,-1.488,-1.036,-1.051,0.298,-0.854,-0.519,-0.582,-1.823,-0.411,-0.296,0.147,-1.425,1.848,0.305,0.364,0.964,-0.971,0.166,0.724,0.293,0.564,-0.919,0.527,0.481,-0.596,-3.282,-0.61,-1.423,-0.984,-0.193,1.027,0.27,1.233,0.242,-0.552,3.454,0.511,2.264,-1.11,0.186,-0.469,0.502,0.597,-0.002,1.418
"MOU_180",23.47,9.79,0.851,10.69,57.19,-0.944,-0.253,0.658,-0.371,-0.799,-1.099,2.746,0.191,-1.224,-1.24,0.444,0.666,-1.09,-0.706,0.042,-2.861,0.212,-0.138,1.646,-1.16,1.625,0.912,2.659,-0.596,-0.383,2.274,-1.135,-1.072,0.764,3.262,-0.256,-1.311,-0.064,1.025,-1.551,0.437,-1,-0.823,-0.092,-0.5,-0.04,-0.443,2.024,-0.148,3.996,0.401,2.037,0.409,-0.022,2.919,-0.905,0.031,0.291,0.44,-1.638,-0.038,-0.272,1.929,1.893,0.536,-0.401,-0.77,-0.307,-1.397,-0.704,-0.114,-1.35,1.853,1.317,-0.959,0.468,-1.143,-0.549,-1.863,0.803,0.692,0.251,-0.561,0.507,0.462,0.801,0.362,0.563,-0.083,-0.006,0.19,-0.652,-1.191,-1.612,-1.61,2.852,-1.311,1.368,-0.601,-0.813,-0.169,-0.527,1.212,-1.071,1.936
